{
  "id": "673129760947ec3b5d19f908",
  "name": "Konjic Cup #1 | Prize Pool: 30$ | Entry: 1$",
  "date": "2024-11-16T20:20:00.000Z",
  "organizer": "Konjic",
  "format": "1",
  "nb_players": "10",
  "players": [
    {
      "id": "davidjacha",
      "name": "davidjacha",
      "placing": "1",
      "country": "ES",
      "decklist": [
        {
          "type": "Pok\u00e9mon",
          "url": "https://pocket.limitlesstcg.com/cards/A1/112",
          "name": "Pincurchin (A1-112)",
          "count": 2
        },
        {
          "type": "Pok\u00e9mon",
          "url": "https://pocket.limitlesstcg.com/cards/A1/104",
          "name": "Zapdos ex (A1-104)",
          "count": 2
        },
        {
          "type": "Pok\u00e9mon",
          "url": "https://pocket.limitlesstcg.com/cards/A1/96",
          "name": "Pikachu ex (A1-96)",
          "count": 2
        },
        {
          "type": "Pok\u00e9mon",
          "url": "https://pocket.limitlesstcg.com/cards/A1/105",
          "name": "Blitzle (A1-105)",
          "count": 1
        },
        {
          "type": "Pok\u00e9mon",
          "url": "https://pocket.limitlesstcg.com/cards/A1/106",
          "name": "Zebstrika (A1-106)",
          "count": 1
        },
        {
          "type": "Trainer",
          "url": "https://pocket.limitlesstcg.com/cards/P-A/7",
          "name": "Professor's Research",
          "count": 2
        },
        {
          "type": "Trainer",
          "url": "https://pocket.limitlesstcg.com/cards/A1/225",
          "name": "Sabrina",
          "count": 2
        },
        {
          "type": "Trainer",
          "url": "https://pocket.limitlesstcg.com/cards/A1/223",
          "name": "Giovanni",
          "count": 2
        },
        {
          "type": "Trainer",
          "url": "https://pocket.limitlesstcg.com/cards/P-A/5",
          "name": "Pok\u00e9 Ball",
          "count": 2
        },
        {
          "type": "Trainer",
          "url": "https://pocket.limitlesstcg.com/cards/P-A/1",
          "name": "Potion",
          "count": 2
        },
        {
          "type": "Trainer",
          "url": "https://pocket.limitlesstcg.com/cards/P-A/2",
          "name": "X Speed",
          "count": 2
        }
      ]
    },
    {
      "id": "nay",
      "name": "Nay",
      "placing": "2",
      "country": "DE",
      "decklist": [
        {
          "type": "Pok\u00e9mon",
          "url": "https://pocket.limitlesstcg.com/cards/A1/130",
          "name": "Ralts (A1-130)",
          "count": 2
        },
        {
          "type": "Pok\u00e9mon",
          "url": "https://pocket.limitlesstcg.com/cards/A1/131",
          "name": "Kirlia (A1-131)",
          "count": 2
        },
        {
          "type": "Pok\u00e9mon",
          "url": "https://pocket.limitlesstcg.com/cards/A1/132",
          "name": "Gardevoir (A1-132)",
          "count": 2
        },
        {
          "type": "Pok\u00e9mon",
          "url": "https://pocket.limitlesstcg.com/cards/A1/129",
          "name": "Mewtwo ex (A1-129)",
          "count": 2
        },
        {
          "type": "Pok\u00e9mon",
          "url": "https://pocket.limitlesstcg.com/cards/A1/128",
          "name": "Mewtwo (A1-128)",
          "count": 1
        },
        {
          "type": "Trainer",
          "url": "https://pocket.limitlesstcg.com/cards/P-A/7",
          "name": "Professor's Research",
          "count": 2
        },
        {
          "type": "Trainer",
          "url": "https://pocket.limitlesstcg.com/cards/A1/225",
          "name": "Sabrina",
          "count": 1
        },
        {
          "type": "Trainer",
          "url": "https://pocket.limitlesstcg.com/cards/A1/223",
          "name": "Giovanni",
          "count": 1
        },
        {
          "type": "Trainer",
          "url": "https://pocket.limitlesstcg.com/cards/P-A/1",
          "name": "Potion",
          "count": 2
        },
        {
          "type": "Trainer",
          "url": "https://pocket.limitlesstcg.com/cards/P-A/5",
          "name": "Pok\u00e9 Ball",
          "count": 2
        },
        {
          "type": "Trainer",
          "url": "https://pocket.limitlesstcg.com/cards/P-A/2",
          "name": "X Speed",
          "count": 2
        },
        {
          "type": "Trainer",
          "url": "https://pocket.limitlesstcg.com/cards/P-A/6",
          "name": "Red Card",
          "count": 1
        }
      ]
    },
    {
      "id": "tennytcg",
      "name": "TennyTCG",
      "placing": "3",
      "country": "IT",
      "decklist": [
        {
          "type": "Pok\u00e9mon",
          "url": "https://pocket.limitlesstcg.com/cards/A1/164",
          "name": "Ekans (A1-164)",
          "count": 2
        },
        {
          "type": "Pok\u00e9mon",
          "url": "https://pocket.limitlesstcg.com/cards/A1/165",
          "name": "Arbok (A1-165)",
          "count": 2
        },
        {
          "type": "Pok\u00e9mon",
          "url": "https://pocket.limitlesstcg.com/cards/A1/176",
          "name": "Koffing (A1-176)",
          "count": 2
        },
        {
          "type": "Pok\u00e9mon",
          "url": "https://pocket.limitlesstcg.com/cards/A1/177",
          "name": "Weezing (A1-177)",
          "count": 2
        },
        {
          "type": "Trainer",
          "url": "https://pocket.limitlesstcg.com/cards/P-A/7",
          "name": "Professor's Research",
          "count": 2
        },
        {
          "type": "Trainer",
          "url": "https://pocket.limitlesstcg.com/cards/A1/225",
          "name": "Sabrina",
          "count": 2
        },
        {
          "type": "Trainer",
          "url": "https://pocket.limitlesstcg.com/cards/A1/222",
          "name": "Koga",
          "count": 2
        },
        {
          "type": "Trainer",
          "url": "https://pocket.limitlesstcg.com/cards/A1/223",
          "name": "Giovanni",
          "count": 1
        },
        {
          "type": "Trainer",
          "url": "https://pocket.limitlesstcg.com/cards/P-A/5",
          "name": "Pok\u00e9 Ball",
          "count": 2
        },
        {
          "type": "Trainer",
          "url": "https://pocket.limitlesstcg.com/cards/P-A/1",
          "name": "Potion",
          "count": 2
        },
        {
          "type": "Trainer",
          "url": "https://pocket.limitlesstcg.com/cards/P-A/2",
          "name": "X Speed",
          "count": 1
        }
      ]
    },
    {
      "id": "arajacha",
      "name": "arajacha",
      "placing": "4",
      "country": "ES",
      "decklist": [
        {
          "type": "Pok\u00e9mon",
          "url": "https://pocket.limitlesstcg.com/cards/A1/112",
          "name": "Pincurchin (A1-112)",
          "count": 2
        },
        {
          "type": "Pok\u00e9mon",
          "url": "https://pocket.limitlesstcg.com/cards/A1/104",
          "name": "Zapdos ex (A1-104)",
          "count": 2
        },
        {
          "type": "Pok\u00e9mon",
          "url": "https://pocket.limitlesstcg.com/cards/A1/96",
          "name": "Pikachu ex (A1-96)",
          "count": 2
        },
        {
          "type": "Pok\u00e9mon",
          "url": "https://pocket.limitlesstcg.com/cards/A1/105",
          "name": "Blitzle (A1-105)",
          "count": 1
        },
        {
          "type": "Pok\u00e9mon",
          "url": "https://pocket.limitlesstcg.com/cards/A1/106",
          "name": "Zebstrika (A1-106)",
          "count": 1
        },
        {
          "type": "Trainer",
          "url": "https://pocket.limitlesstcg.com/cards/P-A/7",
          "name": "Professor's Research",
          "count": 2
        },
        {
          "type": "Trainer",
          "url": "https://pocket.limitlesstcg.com/cards/A1/225",
          "name": "Sabrina",
          "count": 2
        },
        {
          "type": "Trainer",
          "url": "https://pocket.limitlesstcg.com/cards/A1/223",
          "name": "Giovanni",
          "count": 2
        },
        {
          "type": "Trainer",
          "url": "https://pocket.limitlesstcg.com/cards/P-A/5",
          "name": "Pok\u00e9 Ball",
          "count": 2
        },
        {
          "type": "Trainer",
          "url": "https://pocket.limitlesstcg.com/cards/P-A/1",
          "name": "Potion",
          "count": 2
        },
        {
          "type": "Trainer",
          "url": "https://pocket.limitlesstcg.com/cards/P-A/2",
          "name": "X Speed",
          "count": 2
        }
      ]
    },
    {
      "id": "ultravioletto",
      "name": "Ultravioletto",
      "placing": "5",
      "country": null,
      "decklist": [
        {
          "type": "Pok\u00e9mon",
          "url": "https://pocket.limitlesstcg.com/cards/A1/130",
          "name": "Ralts (A1-130)",
          "count": 2
        },
        {
          "type": "Pok\u00e9mon",
          "url": "https://pocket.limitlesstcg.com/cards/A1/131",
          "name": "Kirlia (A1-131)",
          "count": 2
        },
        {
          "type": "Pok\u00e9mon",
          "url": "https://pocket.limitlesstcg.com/cards/A1/132",
          "name": "Gardevoir (A1-132)",
          "count": 2
        },
        {
          "type": "Pok\u00e9mon",
          "url": "https://pocket.limitlesstcg.com/cards/A1/129",
          "name": "Mewtwo ex (A1-129)",
          "count": 2
        },
        {
          "type": "Trainer",
          "url": "https://pocket.limitlesstcg.com/cards/P-A/7",
          "name": "Professor's Research",
          "count": 2
        },
        {
          "type": "Trainer",
          "url": "https://pocket.limitlesstcg.com/cards/A1/225",
          "name": "Sabrina",
          "count": 2
        },
        {
          "type": "Trainer",
          "url": "https://pocket.limitlesstcg.com/cards/A1/223",
          "name": "Giovanni",
          "count": 1
        },
        {
          "type": "Trainer",
          "url": "https://pocket.limitlesstcg.com/cards/P-A/5",
          "name": "Pok\u00e9 Ball",
          "count": 2
        },
        {
          "type": "Trainer",
          "url": "https://pocket.limitlesstcg.com/cards/P-A/1",
          "name": "Potion",
          "count": 2
        },
        {
          "type": "Trainer",
          "url": "https://pocket.limitlesstcg.com/cards/P-A/2",
          "name": "X Speed",
          "count": 2
        },
        {
          "type": "Trainer",
          "url": "https://pocket.limitlesstcg.com/cards/P-A/6",
          "name": "Red Card",
          "count": 1
        }
      ]
    },
    {
      "id": "stoffies",
      "name": "Stoffies",
      "placing": "6",
      "country": "SE",
      "decklist": [
        {
          "type": "Pok\u00e9mon",
          "url": "https://pocket.limitlesstcg.com/cards/A1/130",
          "name": "Ralts (A1-130)",
          "count": 2
        },
        {
          "type": "Pok\u00e9mon",
          "url": "https://pocket.limitlesstcg.com/cards/A1/131",
          "name": "Kirlia (A1-131)",
          "count": 2
        },
        {
          "type": "Pok\u00e9mon",
          "url": "https://pocket.limitlesstcg.com/cards/A1/132",
          "name": "Gardevoir (A1-132)",
          "count": 2
        },
        {
          "type": "Pok\u00e9mon",
          "url": "https://pocket.limitlesstcg.com/cards/A1/129",
          "name": "Mewtwo ex (A1-129)",
          "count": 2
        },
        {
          "type": "Pok\u00e9mon",
          "url": "https://pocket.limitlesstcg.com/cards/A1/127",
          "name": "Jynx (A1-127)",
          "count": 1
        },
        {
          "type": "Pok\u00e9mon",
          "url": "https://pocket.limitlesstcg.com/cards/A1/203",
          "name": "Kangaskhan (A1-203)",
          "count": 1
        },
        {
          "type": "Trainer",
          "url": "https://pocket.limitlesstcg.com/cards/P-A/7",
          "name": "Professor's Research",
          "count": 2
        },
        {
          "type": "Trainer",
          "url": "https://pocket.limitlesstcg.com/cards/A1/225",
          "name": "Sabrina",
          "count": 1
        },
        {
          "type": "Trainer",
          "url": "https://pocket.limitlesstcg.com/cards/P-A/1",
          "name": "Potion",
          "count": 2
        },
        {
          "type": "Trainer",
          "url": "https://pocket.limitlesstcg.com/cards/P-A/2",
          "name": "X Speed",
          "count": 2
        },
        {
          "type": "Trainer",
          "url": "https://pocket.limitlesstcg.com/cards/P-A/5",
          "name": "Pok\u00e9 Ball",
          "count": 2
        },
        {
          "type": "Trainer",
          "url": "https://pocket.limitlesstcg.com/cards/P-A/6",
          "name": "Red Card",
          "count": 1
        }
      ]
    },
    {
      "id": "ljax",
      "name": "LJAX",
      "placing": "7",
      "country": null,
      "decklist": [
        {
          "type": "Pok\u00e9mon",
          "url": "https://pocket.limitlesstcg.com/cards/A1/130",
          "name": "Ralts (A1-130)",
          "count": 2
        },
        {
          "type": "Pok\u00e9mon",
          "url": "https://pocket.limitlesstcg.com/cards/A1/131",
          "name": "Kirlia (A1-131)",
          "count": 2
        },
        {
          "type": "Pok\u00e9mon",
          "url": "https://pocket.limitlesstcg.com/cards/A1/132",
          "name": "Gardevoir (A1-132)",
          "count": 2
        },
        {
          "type": "Pok\u00e9mon",
          "url": "https://pocket.limitlesstcg.com/cards/A1/129",
          "name": "Mewtwo ex (A1-129)",
          "count": 2
        },
        {
          "type": "Trainer",
          "url": "https://pocket.limitlesstcg.com/cards/A1/223",
          "name": "Giovanni",
          "count": 2
        },
        {
          "type": "Trainer",
          "url": "https://pocket.limitlesstcg.com/cards/A1/225",
          "name": "Sabrina",
          "count": 2
        },
        {
          "type": "Trainer",
          "url": "https://pocket.limitlesstcg.com/cards/P-A/7",
          "name": "Professor's Research",
          "count": 2
        },
        {
          "type": "Trainer",
          "url": "https://pocket.limitlesstcg.com/cards/P-A/5",
          "name": "Pok\u00e9 Ball",
          "count": 2
        },
        {
          "type": "Trainer",
          "url": "https://pocket.limitlesstcg.com/cards/P-A/1",
          "name": "Potion",
          "count": 2
        },
        {
          "type": "Trainer",
          "url": "https://pocket.limitlesstcg.com/cards/P-A/2",
          "name": "X Speed",
          "count": 2
        }
      ]
    },
    {
      "id": "justin0405",
      "name": "Justin0405",
      "placing": "8",
      "country": "DE",
      "decklist": [
        {
          "type": "Pok\u00e9mon",
          "url": "https://pocket.limitlesstcg.com/cards/A1/84",
          "name": "Articuno ex (A1-84)",
          "count": 2
        },
        {
          "type": "Trainer",
          "url": "https://pocket.limitlesstcg.com/cards/A1/220",
          "name": "Misty",
          "count": 2
        },
        {
          "type": "Trainer",
          "url": "https://pocket.limitlesstcg.com/cards/A1/223",
          "name": "Giovanni",
          "count": 2
        },
        {
          "type": "Trainer",
          "url": "https://pocket.limitlesstcg.com/cards/A1/225",
          "name": "Sabrina",
          "count": 2
        },
        {
          "type": "Trainer",
          "url": "https://pocket.limitlesstcg.com/cards/P-A/7",
          "name": "Professor's Research",
          "count": 2
        },
        {
          "type": "Trainer",
          "url": "https://pocket.limitlesstcg.com/cards/P-A/5",
          "name": "Pok\u00e9 Ball",
          "count": 2
        },
        {
          "type": "Trainer",
          "url": "https://pocket.limitlesstcg.com/cards/P-A/1",
          "name": "Potion",
          "count": 2
        },
        {
          "type": "Trainer",
          "url": "https://pocket.limitlesstcg.com/cards/P-A/2",
          "name": "X Speed",
          "count": 2
        },
        {
          "type": "Trainer",
          "url": "https://pocket.limitlesstcg.com/cards/P-A/6",
          "name": "Red Card",
          "count": 2
        },
        {
          "type": "Trainer",
          "url": "https://pocket.limitlesstcg.com/cards/P-A/3",
          "name": "Hand Scope",
          "count": 2
        }
      ]
    },
    {
      "id": "yumichan",
      "name": "Yumichan",
      "placing": "9",
      "country": "SE",
      "decklist": [
        {
          "type": "Pok\u00e9mon",
          "url": "https://pocket.limitlesstcg.com/cards/A1/130",
          "name": "Ralts (A1-130)",
          "count": 2
        },
        {
          "type": "Pok\u00e9mon",
          "url": "https://pocket.limitlesstcg.com/cards/A1/131",
          "name": "Kirlia (A1-131)",
          "count": 2
        },
        {
          "type": "Pok\u00e9mon",
          "url": "https://pocket.limitlesstcg.com/cards/A1/132",
          "name": "Gardevoir (A1-132)",
          "count": 2
        },
        {
          "type": "Pok\u00e9mon",
          "url": "https://pocket.limitlesstcg.com/cards/A1/129",
          "name": "Mewtwo ex (A1-129)",
          "count": 2
        },
        {
          "type": "Pok\u00e9mon",
          "url": "https://pocket.limitlesstcg.com/cards/A1/283",
          "name": "Mew (A1-283)",
          "count": 1
        },
        {
          "type": "Pok\u00e9mon",
          "url": "https://pocket.limitlesstcg.com/cards/A1/203",
          "name": "Kangaskhan (A1-203)",
          "count": 1
        },
        {
          "type": "Trainer",
          "url": "https://pocket.limitlesstcg.com/cards/P-A/7",
          "name": "Professor's Research",
          "count": 2
        },
        {
          "type": "Trainer",
          "url": "https://pocket.limitlesstcg.com/cards/A1/225",
          "name": "Sabrina",
          "count": 1
        },
        {
          "type": "Trainer",
          "url": "https://pocket.limitlesstcg.com/cards/P-A/5",
          "name": "Pok\u00e9 Ball",
          "count": 2
        },
        {
          "type": "Trainer",
          "url": "https://pocket.limitlesstcg.com/cards/P-A/1",
          "name": "Potion",
          "count": 2
        },
        {
          "type": "Trainer",
          "url": "https://pocket.limitlesstcg.com/cards/P-A/2",
          "name": "X Speed",
          "count": 2
        },
        {
          "type": "Trainer",
          "url": "https://pocket.limitlesstcg.com/cards/P-A/6",
          "name": "Red Card",
          "count": 1
        }
      ]
    },
    {
      "id": "whiteboy110",
      "name": "whiteboy110",
      "placing": "10",
      "country": "US",
      "decklist": [
        {
          "type": "Pok\u00e9mon",
          "url": "https://pocket.limitlesstcg.com/cards/A1/99",
          "name": "Voltorb (A1-99)",
          "count": 2
        },
        {
          "type": "Pok\u00e9mon",
          "url": "https://pocket.limitlesstcg.com/cards/A1/100",
          "name": "Electrode (A1-100)",
          "count": 1
        },
        {
          "type": "Pok\u00e9mon",
          "url": "https://pocket.limitlesstcg.com/cards/A1/94",
          "name": "Pikachu (A1-94)",
          "count": 2
        },
        {
          "type": "Pok\u00e9mon",
          "url": "https://pocket.limitlesstcg.com/cards/A1/95",
          "name": "Raichu (A1-95)",
          "count": 1
        },
        {
          "type": "Pok\u00e9mon",
          "url": "https://pocket.limitlesstcg.com/cards/A1/105",
          "name": "Blitzle (A1-105)",
          "count": 1
        },
        {
          "type": "Pok\u00e9mon",
          "url": "https://pocket.limitlesstcg.com/cards/A1/106",
          "name": "Zebstrika (A1-106)",
          "count": 1
        },
        {
          "type": "Pok\u00e9mon",
          "url": "https://pocket.limitlesstcg.com/cards/A1/206",
          "name": "Eevee (A1-206)",
          "count": 1
        },
        {
          "type": "Pok\u00e9mon",
          "url": "https://pocket.limitlesstcg.com/cards/A1/102",
          "name": "Jolteon (A1-102)",
          "count": 1
        },
        {
          "type": "Pok\u00e9mon",
          "url": "https://pocket.limitlesstcg.com/cards/A1/96",
          "name": "Pikachu ex (A1-96)",
          "count": 1
        },
        {
          "type": "Pok\u00e9mon",
          "url": "https://pocket.limitlesstcg.com/cards/A1/203",
          "name": "Kangaskhan (A1-203)",
          "count": 1
        },
        {
          "type": "Trainer",
          "url": "https://pocket.limitlesstcg.com/cards/P-A/7",
          "name": "Professor's Research",
          "count": 2
        },
        {
          "type": "Trainer",
          "url": "https://pocket.limitlesstcg.com/cards/A1/223",
          "name": "Giovanni",
          "count": 1
        },
        {
          "type": "Trainer",
          "url": "https://pocket.limitlesstcg.com/cards/A1/225",
          "name": "Sabrina",
          "count": 1
        },
        {
          "type": "Trainer",
          "url": "https://pocket.limitlesstcg.com/cards/A1/226",
          "name": "Lt. Surge",
          "count": 1
        },
        {
          "type": "Trainer",
          "url": "https://pocket.limitlesstcg.com/cards/P-A/5",
          "name": "Pok\u00e9 Ball",
          "count": 2
        },
        {
          "type": "Trainer",
          "url": "https://pocket.limitlesstcg.com/cards/P-A/1",
          "name": "Potion",
          "count": 1
        }
      ]
    }
  ],
  "matches": [
    {
      "match_results": [
        {
          "player_id": "justin0405",
          "score": 0
        },
        {
          "player_id": "ljax",
          "score": 2
        }
      ]
    },
    {
      "match_results": [
        {
          "player_id": "yumichan",
          "score": 2
        },
        {
          "player_id": "whiteboy110",
          "score": 1
        }
      ]
    },
    {
      "match_results": [
        {
          "player_id": "stoffies",
          "score": 0
        },
        {
          "player_id": "nay",
          "score": 2
        }
      ]
    },
    {
      "match_results": [
        {
          "player_id": "arajacha",
          "score": 1
        },
        {
          "player_id": "ultravioletto",
          "score": 0
        }
      ]
    },
    {
      "match_results": [
        {
          "player_id": "tennytcg",
          "score": 3
        },
        {
          "player_id": "davidjacha",
          "score": 0
        }
      ]
    },
    {
      "match_results": [
        {
          "player_id": "tennytcg",
          "score": 0
        },
        {
          "player_id": "arajacha",
          "score": 2
        }
      ]
    },
    {
      "match_results": [
        {
          "player_id": "nay",
          "score": 2
        },
        {
          "player_id": "yumichan",
          "score": 0
        }
      ]
    },
    {
      "match_results": [
        {
          "player_id": "ljax",
          "score": 0
        },
        {
          "player_id": "ultravioletto",
          "score": 2
        }
      ]
    },
    {
      "match_results": [
        {
          "player_id": "davidjacha",
          "score": 2
        },
        {
          "player_id": "justin0405",
          "score": 1
        }
      ]
    },
    {
      "match_results": [
        {
          "player_id": "whiteboy110",
          "score": 0
        },
        {
          "player_id": "stoffies",
          "score": 2
        }
      ]
    },
    {
      "match_results": [
        {
          "player_id": "arajacha",
          "score": 0
        },
        {
          "player_id": "nay",
          "score": 2
        }
      ]
    },
    {
      "match_results": [
        {
          "player_id": "ljax",
          "score": 0
        },
        {
          "player_id": "stoffies",
          "score": 2
        }
      ]
    },
    {
      "match_results": [
        {
          "player_id": "tennytcg",
          "score": 2
        },
        {
          "player_id": "yumichan",
          "score": 1
        }
      ]
    },
    {
      "match_results": [
        {
          "player_id": "ultravioletto",
          "score": 0
        },
        {
          "player_id": "davidjacha",
          "score": 2
        }
      ]
    },
    {
      "match_results": [
        {
          "player_id": "nay",
          "score": 0
        },
        {
          "player_id": "tennytcg",
          "score": 2
        }
      ]
    },
    {
      "match_results": [
        {
          "player_id": "davidjacha",
          "score": 2
        },
        {
          "player_id": "stoffies",
          "score": 1
        }
      ]
    },
    {
      "match_results": [
        {
          "player_id": "arajacha",
          "score": 2
        },
        {
          "player_id": "justin0405",
          "score": 0
        }
      ]
    },
    {
      "match_results": [
        {
          "player_id": "ultravioletto",
          "score": 2
        },
        {
          "player_id": "yumichan",
          "score": 1
        }
      ]
    },
    {
      "match_results": [
        {
          "player_id": "tennytcg",
          "score": 0
        },
        {
          "player_id": "davidjacha",
          "score": 2
        }
      ]
    },
    {
      "match_results": [
        {
          "player_id": "arajacha",
          "score": 1
        },
        {
          "player_id": "nay",
          "score": 2
        }
      ]
    },
    {
      "match_results": [
        {
          "player_id": "davidjacha",
          "score": 2
        },
        {
          "player_id": "nay",
          "score": 1
        }
      ]
    }
  ]
}