{
  "id": "6744ac39612052096f626135",
  "name": "Pocket Starter Tier #1 by bobi [POCKET GYM PH]",
  "date": "2024-12-11T02:05:00.000Z",
  "organizer": "Pocket Gym PH",
  "format": "1",
  "nb_players": "8",
  "players": [
    {
      "id": "electric_fan51",
      "name": "Electric_fan51",
      "placing": "1",
      "country": "PH",
      "decklist": [
        {
          "type": "Pok\u00e9mon",
          "url": "https://pocket.limitlesstcg.com/cards/A1/53",
          "name": "Squirtle (A1-53)",
          "count": 2
        },
        {
          "type": "Pok\u00e9mon",
          "url": "https://pocket.limitlesstcg.com/cards/A1/54",
          "name": "Wartortle (A1-54)",
          "count": 2
        },
        {
          "type": "Pok\u00e9mon",
          "url": "https://pocket.limitlesstcg.com/cards/A1/56",
          "name": "Blastoise ex (A1-56)",
          "count": 2
        },
        {
          "type": "Pok\u00e9mon",
          "url": "https://pocket.limitlesstcg.com/cards/A1/83",
          "name": "Articuno (A1-83)",
          "count": 2
        },
        {
          "type": "Trainer",
          "url": "https://pocket.limitlesstcg.com/cards/A1/220",
          "name": "Misty",
          "count": 2
        },
        {
          "type": "Trainer",
          "url": "https://pocket.limitlesstcg.com/cards/P-A/7",
          "name": "Professor's Research",
          "count": 2
        },
        {
          "type": "Trainer",
          "url": "https://pocket.limitlesstcg.com/cards/A1/225",
          "name": "Sabrina",
          "count": 1
        },
        {
          "type": "Trainer",
          "url": "https://pocket.limitlesstcg.com/cards/P-A/5",
          "name": "Pok\u00e9 Ball",
          "count": 2
        },
        {
          "type": "Trainer",
          "url": "https://pocket.limitlesstcg.com/cards/P-A/1",
          "name": "Potion",
          "count": 2
        },
        {
          "type": "Trainer",
          "url": "https://pocket.limitlesstcg.com/cards/A1/216",
          "name": "Helix Fossil",
          "count": 1
        },
        {
          "type": "Trainer",
          "url": "https://pocket.limitlesstcg.com/cards/P-A/4",
          "name": "Pok\u00e9dex",
          "count": 1
        },
        {
          "type": "Trainer",
          "url": "https://pocket.limitlesstcg.com/cards/P-A/2",
          "name": "X Speed",
          "count": 1
        }
      ]
    },
    {
      "id": "littlegeorgge",
      "name": "LittleGeorgge",
      "placing": "2",
      "country": "VE",
      "decklist": [
        {
          "type": "Pok\u00e9mon",
          "url": "https://pocket.limitlesstcg.com/cards/A1/1",
          "name": "Bulbasaur (A1-1)",
          "count": 2
        },
        {
          "type": "Pok\u00e9mon",
          "url": "https://pocket.limitlesstcg.com/cards/A1/2",
          "name": "Ivysaur (A1-2)",
          "count": 2
        },
        {
          "type": "Pok\u00e9mon",
          "url": "https://pocket.limitlesstcg.com/cards/A1/4",
          "name": "Venusaur ex (A1-4)",
          "count": 2
        },
        {
          "type": "Pok\u00e9mon",
          "url": "https://pocket.limitlesstcg.com/cards/A1/21",
          "name": "Exeggcute (A1-21)",
          "count": 2
        },
        {
          "type": "Pok\u00e9mon",
          "url": "https://pocket.limitlesstcg.com/cards/A1/23",
          "name": "Exeggutor ex (A1-23)",
          "count": 1
        },
        {
          "type": "Pok\u00e9mon",
          "url": "https://pocket.limitlesstcg.com/cards/A1/198",
          "name": "Farfetch'd (A1-198)",
          "count": 1
        },
        {
          "type": "Trainer",
          "url": "https://pocket.limitlesstcg.com/cards/P-A/7",
          "name": "Professor's Research",
          "count": 2
        },
        {
          "type": "Trainer",
          "url": "https://pocket.limitlesstcg.com/cards/A1/219",
          "name": "Erika",
          "count": 1
        },
        {
          "type": "Trainer",
          "url": "https://pocket.limitlesstcg.com/cards/P-A/5",
          "name": "Pok\u00e9 Ball",
          "count": 2
        },
        {
          "type": "Trainer",
          "url": "https://pocket.limitlesstcg.com/cards/P-A/1",
          "name": "Potion",
          "count": 2
        },
        {
          "type": "Trainer",
          "url": "https://pocket.limitlesstcg.com/cards/P-A/2",
          "name": "X Speed",
          "count": 2
        },
        {
          "type": "Trainer",
          "url": "https://pocket.limitlesstcg.com/cards/P-A/6",
          "name": "Red Card",
          "count": 1
        }
      ]
    },
    {
      "id": "uraven",
      "name": "Uraven",
      "placing": "3",
      "country": "PH",
      "decklist": [
        {
          "type": "Pok\u00e9mon",
          "url": "https://pocket.limitlesstcg.com/cards/A1/206",
          "name": "Eevee (A1-206)",
          "count": 2
        },
        {
          "type": "Pok\u00e9mon",
          "url": "https://pocket.limitlesstcg.com/cards/A1/102",
          "name": "Jolteon (A1-102)",
          "count": 2
        },
        {
          "type": "Pok\u00e9mon",
          "url": "https://pocket.limitlesstcg.com/cards/A1/104",
          "name": "Zapdos ex (A1-104)",
          "count": 2
        },
        {
          "type": "Pok\u00e9mon",
          "url": "https://pocket.limitlesstcg.com/cards/A1/103",
          "name": "Zapdos (A1-103)",
          "count": 2
        },
        {
          "type": "Trainer",
          "url": "https://pocket.limitlesstcg.com/cards/P-A/7",
          "name": "Professor's Research",
          "count": 2
        },
        {
          "type": "Trainer",
          "url": "https://pocket.limitlesstcg.com/cards/A1/225",
          "name": "Sabrina",
          "count": 2
        },
        {
          "type": "Trainer",
          "url": "https://pocket.limitlesstcg.com/cards/P-A/6",
          "name": "Red Card",
          "count": 2
        },
        {
          "type": "Trainer",
          "url": "https://pocket.limitlesstcg.com/cards/P-A/5",
          "name": "Pok\u00e9 Ball",
          "count": 2
        },
        {
          "type": "Trainer",
          "url": "https://pocket.limitlesstcg.com/cards/P-A/2",
          "name": "X Speed",
          "count": 2
        },
        {
          "type": "Trainer",
          "url": "https://pocket.limitlesstcg.com/cards/P-A/1",
          "name": "Potion",
          "count": 2
        }
      ]
    },
    {
      "id": "wikijippo",
      "name": "WikiJippo",
      "placing": "3",
      "country": "BR",
      "decklist": [
        {
          "type": "Pok\u00e9mon",
          "url": "https://pocket.limitlesstcg.com/cards/A1/147",
          "name": "Geodude (A1-147)",
          "count": 2
        },
        {
          "type": "Pok\u00e9mon",
          "url": "https://pocket.limitlesstcg.com/cards/A1/148",
          "name": "Graveler (A1-148)",
          "count": 2
        },
        {
          "type": "Pok\u00e9mon",
          "url": "https://pocket.limitlesstcg.com/cards/A1/149",
          "name": "Golem (A1-149)",
          "count": 2
        },
        {
          "type": "Pok\u00e9mon",
          "url": "https://pocket.limitlesstcg.com/cards/A1/151",
          "name": "Cubone (A1-151)",
          "count": 2
        },
        {
          "type": "Pok\u00e9mon",
          "url": "https://pocket.limitlesstcg.com/cards/A1/153",
          "name": "Marowak ex (A1-153)",
          "count": 2
        },
        {
          "type": "Pok\u00e9mon",
          "url": "https://pocket.limitlesstcg.com/cards/A1/150",
          "name": "Onix (A1-150)",
          "count": 2
        },
        {
          "type": "Trainer",
          "url": "https://pocket.limitlesstcg.com/cards/P-A/7",
          "name": "Professor's Research",
          "count": 2
        },
        {
          "type": "Trainer",
          "url": "https://pocket.limitlesstcg.com/cards/A1/224",
          "name": "Brock",
          "count": 2
        },
        {
          "type": "Trainer",
          "url": "https://pocket.limitlesstcg.com/cards/P-A/1",
          "name": "Potion",
          "count": 2
        },
        {
          "type": "Trainer",
          "url": "https://pocket.limitlesstcg.com/cards/P-A/5",
          "name": "Pok\u00e9 Ball",
          "count": 2
        }
      ]
    },
    {
      "id": "silent18",
      "name": "SilenT18",
      "placing": "5",
      "country": "ID",
      "decklist": [
        {
          "type": "Pok\u00e9mon",
          "url": "https://pocket.limitlesstcg.com/cards/A1/33",
          "name": "Charmander (A1-33)",
          "count": 2
        },
        {
          "type": "Pok\u00e9mon",
          "url": "https://pocket.limitlesstcg.com/cards/A1/34",
          "name": "Charmeleon (A1-34)",
          "count": 2
        },
        {
          "type": "Pok\u00e9mon",
          "url": "https://pocket.limitlesstcg.com/cards/A1/36",
          "name": "Charizard ex (A1-36)",
          "count": 2
        },
        {
          "type": "Pok\u00e9mon",
          "url": "https://pocket.limitlesstcg.com/cards/A1/47",
          "name": "Moltres ex (A1-47)",
          "count": 2
        },
        {
          "type": "Trainer",
          "url": "https://pocket.limitlesstcg.com/cards/P-A/7",
          "name": "Professor's Research",
          "count": 2
        },
        {
          "type": "Trainer",
          "url": "https://pocket.limitlesstcg.com/cards/A1/225",
          "name": "Sabrina",
          "count": 2
        },
        {
          "type": "Trainer",
          "url": "https://pocket.limitlesstcg.com/cards/P-A/2",
          "name": "X Speed",
          "count": 2
        },
        {
          "type": "Trainer",
          "url": "https://pocket.limitlesstcg.com/cards/P-A/6",
          "name": "Red Card",
          "count": 2
        },
        {
          "type": "Trainer",
          "url": "https://pocket.limitlesstcg.com/cards/P-A/1",
          "name": "Potion",
          "count": 2
        },
        {
          "type": "Trainer",
          "url": "https://pocket.limitlesstcg.com/cards/P-A/5",
          "name": "Pok\u00e9 Ball",
          "count": 2
        }
      ]
    },
    {
      "id": "shinobi_steve",
      "name": "Shinobi_Steve",
      "placing": "5",
      "country": "US",
      "decklist": [
        {
          "type": "Pok\u00e9mon",
          "url": "https://pocket.limitlesstcg.com/cards/A1/33",
          "name": "Charmander (A1-33)",
          "count": 2
        },
        {
          "type": "Pok\u00e9mon",
          "url": "https://pocket.limitlesstcg.com/cards/A1/34",
          "name": "Charmeleon (A1-34)",
          "count": 2
        },
        {
          "type": "Pok\u00e9mon",
          "url": "https://pocket.limitlesstcg.com/cards/A1/36",
          "name": "Charizard ex (A1-36)",
          "count": 2
        },
        {
          "type": "Pok\u00e9mon",
          "url": "https://pocket.limitlesstcg.com/cards/A1/39",
          "name": "Growlithe (A1-39)",
          "count": 1
        },
        {
          "type": "Pok\u00e9mon",
          "url": "https://pocket.limitlesstcg.com/cards/A1/41",
          "name": "Arcanine ex (A1-41)",
          "count": 1
        },
        {
          "type": "Pok\u00e9mon",
          "url": "https://pocket.limitlesstcg.com/cards/A1/42",
          "name": "Ponyta (A1-42)",
          "count": 1
        },
        {
          "type": "Pok\u00e9mon",
          "url": "https://pocket.limitlesstcg.com/cards/A1/43",
          "name": "Rapidash (A1-43)",
          "count": 1
        },
        {
          "type": "Pok\u00e9mon",
          "url": "https://pocket.limitlesstcg.com/cards/A1/47",
          "name": "Moltres ex (A1-47)",
          "count": 1
        },
        {
          "type": "Trainer",
          "url": "https://pocket.limitlesstcg.com/cards/P-A/7",
          "name": "Professor's Research",
          "count": 2
        },
        {
          "type": "Trainer",
          "url": "https://pocket.limitlesstcg.com/cards/A1/225",
          "name": "Sabrina",
          "count": 1
        },
        {
          "type": "Trainer",
          "url": "https://pocket.limitlesstcg.com/cards/P-A/5",
          "name": "Pok\u00e9 Ball",
          "count": 2
        },
        {
          "type": "Trainer",
          "url": "https://pocket.limitlesstcg.com/cards/P-A/2",
          "name": "X Speed",
          "count": 2
        },
        {
          "type": "Trainer",
          "url": "https://pocket.limitlesstcg.com/cards/P-A/1",
          "name": "Potion",
          "count": 2
        }
      ]
    },
    {
      "id": "lorli",
      "name": "Lorli",
      "placing": "5",
      "country": null,
      "decklist": [
        {
          "type": "Pok\u00e9mon",
          "url": "https://pocket.limitlesstcg.com/cards/A1/174",
          "name": "Grimer (A1-174)",
          "count": 2
        },
        {
          "type": "Pok\u00e9mon",
          "url": "https://pocket.limitlesstcg.com/cards/A1/175",
          "name": "Muk (A1-175)",
          "count": 2
        },
        {
          "type": "Pok\u00e9mon",
          "url": "https://pocket.limitlesstcg.com/cards/A1/176",
          "name": "Koffing (A1-176)",
          "count": 2
        },
        {
          "type": "Pok\u00e9mon",
          "url": "https://pocket.limitlesstcg.com/cards/A1/177",
          "name": "Weezing (A1-177)",
          "count": 2
        },
        {
          "type": "Pok\u00e9mon",
          "url": "https://pocket.limitlesstcg.com/cards/P-A/22",
          "name": "Jigglypuff (P-A-22)",
          "count": 2
        },
        {
          "type": "Pok\u00e9mon",
          "url": "https://pocket.limitlesstcg.com/cards/A1/195",
          "name": "Wigglytuff ex (A1-195)",
          "count": 2
        },
        {
          "type": "Trainer",
          "url": "https://pocket.limitlesstcg.com/cards/P-A/7",
          "name": "Professor's Research",
          "count": 2
        },
        {
          "type": "Trainer",
          "url": "https://pocket.limitlesstcg.com/cards/A1/222",
          "name": "Koga",
          "count": 2
        },
        {
          "type": "Trainer",
          "url": "https://pocket.limitlesstcg.com/cards/P-A/2",
          "name": "X Speed",
          "count": 2
        },
        {
          "type": "Trainer",
          "url": "https://pocket.limitlesstcg.com/cards/P-A/5",
          "name": "Pok\u00e9 Ball",
          "count": 2
        }
      ]
    },
    {
      "id": "rocketgoon",
      "name": "RocketGoon",
      "placing": "5",
      "country": "US",
      "decklist": [
        {
          "type": "Pok\u00e9mon",
          "url": "https://pocket.limitlesstcg.com/cards/A1/130",
          "name": "Ralts (A1-130)",
          "count": 2
        },
        {
          "type": "Pok\u00e9mon",
          "url": "https://pocket.limitlesstcg.com/cards/A1/131",
          "name": "Kirlia (A1-131)",
          "count": 2
        },
        {
          "type": "Pok\u00e9mon",
          "url": "https://pocket.limitlesstcg.com/cards/A1/132",
          "name": "Gardevoir (A1-132)",
          "count": 2
        },
        {
          "type": "Pok\u00e9mon",
          "url": "https://pocket.limitlesstcg.com/cards/A1/128",
          "name": "Mewtwo (A1-128)",
          "count": 2
        },
        {
          "type": "Trainer",
          "url": "https://pocket.limitlesstcg.com/cards/P-A/7",
          "name": "Professor's Research",
          "count": 2
        },
        {
          "type": "Trainer",
          "url": "https://pocket.limitlesstcg.com/cards/A1/225",
          "name": "Sabrina",
          "count": 2
        },
        {
          "type": "Trainer",
          "url": "https://pocket.limitlesstcg.com/cards/P-A/5",
          "name": "Pok\u00e9 Ball",
          "count": 2
        },
        {
          "type": "Trainer",
          "url": "https://pocket.limitlesstcg.com/cards/P-A/2",
          "name": "X Speed",
          "count": 2
        },
        {
          "type": "Trainer",
          "url": "https://pocket.limitlesstcg.com/cards/P-A/1",
          "name": "Potion",
          "count": 2
        },
        {
          "type": "Trainer",
          "url": "https://pocket.limitlesstcg.com/cards/A1/218",
          "name": "Old Amber",
          "count": 1
        },
        {
          "type": "Trainer",
          "url": "https://pocket.limitlesstcg.com/cards/A1/217",
          "name": "Dome Fossil",
          "count": 1
        }
      ]
    }
  ],
  "matches": [
    {
      "match_results": [
        {
          "player_id": "wikijippo",
          "score": 1
        },
        {
          "player_id": "lorli",
          "score": 0
        }
      ]
    },
    {
      "match_results": [
        {
          "player_id": "littlegeorgge",
          "score": 1
        },
        {
          "player_id": "rocketgoon",
          "score": 0
        }
      ]
    },
    {
      "match_results": [
        {
          "player_id": "electric_fan51",
          "score": 1
        },
        {
          "player_id": "shinobi_steve",
          "score": 0
        }
      ]
    },
    {
      "match_results": [
        {
          "player_id": "silent18",
          "score": 0
        },
        {
          "player_id": "uraven",
          "score": 1
        }
      ]
    },
    {
      "match_results": [
        {
          "player_id": "wikijippo",
          "score": 0
        },
        {
          "player_id": "littlegeorgge",
          "score": 1
        }
      ]
    },
    {
      "match_results": [
        {
          "player_id": "electric_fan51",
          "score": 1
        },
        {
          "player_id": "uraven",
          "score": 0
        }
      ]
    },
    {
      "match_results": [
        {
          "player_id": "littlegeorgge",
          "score": 0
        },
        {
          "player_id": "electric_fan51",
          "score": 1
        }
      ]
    }
  ]
}