{
  "id": "675c5d9d95f729096d724cc3",
  "name": "Pok\u00e9mon Brasil World #1 (NO Ex)",
  "date": "2024-12-14T01:00:00.000Z",
  "organizer": "Compartilhe Jogos",
  "format": "1",
  "nb_players": "32",
  "players": [
    {
      "id": "aidf",
      "name": "aidf",
      "placing": "1",
      "country": "US",
      "decklist": [
        {
          "type": "Pok\u00e9mon",
          "url": "https://pocket.limitlesstcg.com/cards/A1/62",
          "name": "Tentacool (A1-62)",
          "count": 2
        },
        {
          "type": "Pok\u00e9mon",
          "url": "https://pocket.limitlesstcg.com/cards/A1/63",
          "name": "Tentacruel (A1-63)",
          "count": 2
        },
        {
          "type": "Pok\u00e9mon",
          "url": "https://pocket.limitlesstcg.com/cards/A1/87",
          "name": "Froakie (A1-87)",
          "count": 2
        },
        {
          "type": "Pok\u00e9mon",
          "url": "https://pocket.limitlesstcg.com/cards/A1/88",
          "name": "Frogadier (A1-88)",
          "count": 2
        },
        {
          "type": "Pok\u00e9mon",
          "url": "https://pocket.limitlesstcg.com/cards/A1/89",
          "name": "Greninja (A1-89)",
          "count": 2
        },
        {
          "type": "Pok\u00e9mon",
          "url": "https://pocket.limitlesstcg.com/cards/A1/203",
          "name": "Kangaskhan (A1-203)",
          "count": 1
        },
        {
          "type": "Trainer",
          "url": "https://pocket.limitlesstcg.com/cards/P-A/7",
          "name": "Professor's Research",
          "count": 2
        },
        {
          "type": "Trainer",
          "url": "https://pocket.limitlesstcg.com/cards/A1/225",
          "name": "Sabrina",
          "count": 1
        },
        {
          "type": "Trainer",
          "url": "https://pocket.limitlesstcg.com/cards/A1/223",
          "name": "Giovanni",
          "count": 1
        },
        {
          "type": "Trainer",
          "url": "https://pocket.limitlesstcg.com/cards/P-A/5",
          "name": "Pok\u00e9 Ball",
          "count": 2
        },
        {
          "type": "Trainer",
          "url": "https://pocket.limitlesstcg.com/cards/P-A/2",
          "name": "X Speed",
          "count": 2
        },
        {
          "type": "Trainer",
          "url": "https://pocket.limitlesstcg.com/cards/P-A/6",
          "name": "Red Card",
          "count": 1
        }
      ]
    },
    {
      "id": "lulu",
      "name": "Lulu",
      "placing": "2",
      "country": "FR",
      "decklist": [
        {
          "type": "Pok\u00e9mon",
          "url": "https://pocket.limitlesstcg.com/cards/A1/37",
          "name": "Vulpix (A1-37)",
          "count": 2
        },
        {
          "type": "Pok\u00e9mon",
          "url": "https://pocket.limitlesstcg.com/cards/A1/38",
          "name": "Ninetales (A1-38)",
          "count": 2
        },
        {
          "type": "Pok\u00e9mon",
          "url": "https://pocket.limitlesstcg.com/cards/A1/42",
          "name": "Ponyta (A1-42)",
          "count": 2
        },
        {
          "type": "Pok\u00e9mon",
          "url": "https://pocket.limitlesstcg.com/cards/A1/43",
          "name": "Rapidash (A1-43)",
          "count": 2
        },
        {
          "type": "Trainer",
          "url": "https://pocket.limitlesstcg.com/cards/P-A/7",
          "name": "Professor's Research",
          "count": 2
        },
        {
          "type": "Trainer",
          "url": "https://pocket.limitlesstcg.com/cards/A1/225",
          "name": "Sabrina",
          "count": 2
        },
        {
          "type": "Trainer",
          "url": "https://pocket.limitlesstcg.com/cards/A1/221",
          "name": "Blaine",
          "count": 2
        },
        {
          "type": "Trainer",
          "url": "https://pocket.limitlesstcg.com/cards/A1/223",
          "name": "Giovanni",
          "count": 1
        },
        {
          "type": "Trainer",
          "url": "https://pocket.limitlesstcg.com/cards/P-A/5",
          "name": "Pok\u00e9 Ball",
          "count": 2
        },
        {
          "type": "Trainer",
          "url": "https://pocket.limitlesstcg.com/cards/P-A/1",
          "name": "Potion",
          "count": 2
        },
        {
          "type": "Trainer",
          "url": "https://pocket.limitlesstcg.com/cards/P-A/2",
          "name": "X Speed",
          "count": 1
        }
      ]
    },
    {
      "id": "hash",
      "name": "Hash",
      "placing": "3",
      "country": "BR",
      "decklist": [
        {
          "type": "Pok\u00e9mon",
          "url": "https://pocket.limitlesstcg.com/cards/A1/37",
          "name": "Vulpix (A1-37)",
          "count": 2
        },
        {
          "type": "Pok\u00e9mon",
          "url": "https://pocket.limitlesstcg.com/cards/A1/38",
          "name": "Ninetales (A1-38)",
          "count": 2
        },
        {
          "type": "Pok\u00e9mon",
          "url": "https://pocket.limitlesstcg.com/cards/A1/42",
          "name": "Ponyta (A1-42)",
          "count": 2
        },
        {
          "type": "Pok\u00e9mon",
          "url": "https://pocket.limitlesstcg.com/cards/A1/43",
          "name": "Rapidash (A1-43)",
          "count": 2
        },
        {
          "type": "Trainer",
          "url": "https://pocket.limitlesstcg.com/cards/A1/221",
          "name": "Blaine",
          "count": 2
        },
        {
          "type": "Trainer",
          "url": "https://pocket.limitlesstcg.com/cards/P-A/7",
          "name": "Professor's Research",
          "count": 2
        },
        {
          "type": "Trainer",
          "url": "https://pocket.limitlesstcg.com/cards/A1/225",
          "name": "Sabrina",
          "count": 1
        },
        {
          "type": "Trainer",
          "url": "https://pocket.limitlesstcg.com/cards/A1/223",
          "name": "Giovanni",
          "count": 1
        },
        {
          "type": "Trainer",
          "url": "https://pocket.limitlesstcg.com/cards/P-A/5",
          "name": "Pok\u00e9 Ball",
          "count": 2
        },
        {
          "type": "Trainer",
          "url": "https://pocket.limitlesstcg.com/cards/P-A/1",
          "name": "Potion",
          "count": 2
        },
        {
          "type": "Trainer",
          "url": "https://pocket.limitlesstcg.com/cards/P-A/2",
          "name": "X Speed",
          "count": 2
        }
      ]
    },
    {
      "id": "metrallaaa",
      "name": "metrallaaa",
      "placing": "4",
      "country": "ES",
      "decklist": [
        {
          "type": "Pok\u00e9mon",
          "url": "https://pocket.limitlesstcg.com/cards/A1/206",
          "name": "Eevee (A1-206)",
          "count": 2
        },
        {
          "type": "Pok\u00e9mon",
          "url": "https://pocket.limitlesstcg.com/cards/A1/45",
          "name": "Flareon (A1-45)",
          "count": 2
        },
        {
          "type": "Pok\u00e9mon",
          "url": "https://pocket.limitlesstcg.com/cards/A1/87",
          "name": "Froakie (A1-87)",
          "count": 2
        },
        {
          "type": "Pok\u00e9mon",
          "url": "https://pocket.limitlesstcg.com/cards/A1/88",
          "name": "Frogadier (A1-88)",
          "count": 2
        },
        {
          "type": "Pok\u00e9mon",
          "url": "https://pocket.limitlesstcg.com/cards/A1/89",
          "name": "Greninja (A1-89)",
          "count": 2
        },
        {
          "type": "Pok\u00e9mon",
          "url": "https://pocket.limitlesstcg.com/cards/A1/203",
          "name": "Kangaskhan (A1-203)",
          "count": 2
        },
        {
          "type": "Trainer",
          "url": "https://pocket.limitlesstcg.com/cards/A1/225",
          "name": "Sabrina",
          "count": 2
        },
        {
          "type": "Trainer",
          "url": "https://pocket.limitlesstcg.com/cards/P-A/7",
          "name": "Professor's Research",
          "count": 2
        },
        {
          "type": "Trainer",
          "url": "https://pocket.limitlesstcg.com/cards/P-A/2",
          "name": "X Speed",
          "count": 2
        },
        {
          "type": "Trainer",
          "url": "https://pocket.limitlesstcg.com/cards/P-A/5",
          "name": "Pok\u00e9 Ball",
          "count": 2
        }
      ]
    },
    {
      "id": "martiuiwa",
      "name": "MartiuIwa",
      "placing": "5",
      "country": "BR",
      "decklist": [
        {
          "type": "Pok\u00e9mon",
          "url": "https://pocket.limitlesstcg.com/cards/A1/87",
          "name": "Froakie (A1-87)",
          "count": 2
        },
        {
          "type": "Pok\u00e9mon",
          "url": "https://pocket.limitlesstcg.com/cards/A1/88",
          "name": "Frogadier (A1-88)",
          "count": 2
        },
        {
          "type": "Pok\u00e9mon",
          "url": "https://pocket.limitlesstcg.com/cards/A1/89",
          "name": "Greninja (A1-89)",
          "count": 2
        },
        {
          "type": "Pok\u00e9mon",
          "url": "https://pocket.limitlesstcg.com/cards/A1/57",
          "name": "Psyduck (A1-57)",
          "count": 2
        },
        {
          "type": "Pok\u00e9mon",
          "url": "https://pocket.limitlesstcg.com/cards/A1/58",
          "name": "Golduck (A1-58)",
          "count": 2
        },
        {
          "type": "Pok\u00e9mon",
          "url": "https://pocket.limitlesstcg.com/cards/A1/83",
          "name": "Articuno (A1-83)",
          "count": 1
        },
        {
          "type": "Trainer",
          "url": "https://pocket.limitlesstcg.com/cards/P-A/7",
          "name": "Professor's Research",
          "count": 2
        },
        {
          "type": "Trainer",
          "url": "https://pocket.limitlesstcg.com/cards/A1/220",
          "name": "Misty",
          "count": 2
        },
        {
          "type": "Trainer",
          "url": "https://pocket.limitlesstcg.com/cards/A1/225",
          "name": "Sabrina",
          "count": 1
        },
        {
          "type": "Trainer",
          "url": "https://pocket.limitlesstcg.com/cards/P-A/1",
          "name": "Potion",
          "count": 2
        },
        {
          "type": "Trainer",
          "url": "https://pocket.limitlesstcg.com/cards/P-A/2",
          "name": "X Speed",
          "count": 1
        },
        {
          "type": "Trainer",
          "url": "https://pocket.limitlesstcg.com/cards/P-A/5",
          "name": "Pok\u00e9 Ball",
          "count": 1
        }
      ]
    },
    {
      "id": "zeromeia",
      "name": "ZeroMeia",
      "placing": "6",
      "country": "BR",
      "decklist": [
        {
          "type": "Pok\u00e9mon",
          "url": "https://pocket.limitlesstcg.com/cards/A1/62",
          "name": "Tentacool (A1-62)",
          "count": 2
        },
        {
          "type": "Pok\u00e9mon",
          "url": "https://pocket.limitlesstcg.com/cards/A1/63",
          "name": "Tentacruel (A1-63)",
          "count": 2
        },
        {
          "type": "Pok\u00e9mon",
          "url": "https://pocket.limitlesstcg.com/cards/A1/87",
          "name": "Froakie (A1-87)",
          "count": 2
        },
        {
          "type": "Pok\u00e9mon",
          "url": "https://pocket.limitlesstcg.com/cards/A1/88",
          "name": "Frogadier (A1-88)",
          "count": 2
        },
        {
          "type": "Pok\u00e9mon",
          "url": "https://pocket.limitlesstcg.com/cards/A1/89",
          "name": "Greninja (A1-89)",
          "count": 2
        },
        {
          "type": "Pok\u00e9mon",
          "url": "https://pocket.limitlesstcg.com/cards/A1/203",
          "name": "Kangaskhan (A1-203)",
          "count": 1
        },
        {
          "type": "Trainer",
          "url": "https://pocket.limitlesstcg.com/cards/P-A/7",
          "name": "Professor's Research",
          "count": 2
        },
        {
          "type": "Trainer",
          "url": "https://pocket.limitlesstcg.com/cards/A1/225",
          "name": "Sabrina",
          "count": 2
        },
        {
          "type": "Trainer",
          "url": "https://pocket.limitlesstcg.com/cards/A1/220",
          "name": "Misty",
          "count": 1
        },
        {
          "type": "Trainer",
          "url": "https://pocket.limitlesstcg.com/cards/A1/223",
          "name": "Giovanni",
          "count": 1
        },
        {
          "type": "Trainer",
          "url": "https://pocket.limitlesstcg.com/cards/P-A/5",
          "name": "Pok\u00e9 Ball",
          "count": 2
        },
        {
          "type": "Trainer",
          "url": "https://pocket.limitlesstcg.com/cards/P-A/2",
          "name": "X Speed",
          "count": 1
        }
      ]
    },
    {
      "id": "rhoko",
      "name": "Rhoko",
      "placing": "7",
      "country": "BR",
      "decklist": [
        {
          "type": "Pok\u00e9mon",
          "url": "https://pocket.limitlesstcg.com/cards/A1/37",
          "name": "Vulpix (A1-37)",
          "count": 2
        },
        {
          "type": "Pok\u00e9mon",
          "url": "https://pocket.limitlesstcg.com/cards/A1/38",
          "name": "Ninetales (A1-38)",
          "count": 2
        },
        {
          "type": "Pok\u00e9mon",
          "url": "https://pocket.limitlesstcg.com/cards/A1/42",
          "name": "Ponyta (A1-42)",
          "count": 2
        },
        {
          "type": "Pok\u00e9mon",
          "url": "https://pocket.limitlesstcg.com/cards/A1/43",
          "name": "Rapidash (A1-43)",
          "count": 2
        },
        {
          "type": "Pok\u00e9mon",
          "url": "https://pocket.limitlesstcg.com/cards/A1/198",
          "name": "Farfetch'd (A1-198)",
          "count": 1
        },
        {
          "type": "Trainer",
          "url": "https://pocket.limitlesstcg.com/cards/P-A/7",
          "name": "Professor's Research",
          "count": 2
        },
        {
          "type": "Trainer",
          "url": "https://pocket.limitlesstcg.com/cards/A1/221",
          "name": "Blaine",
          "count": 2
        },
        {
          "type": "Trainer",
          "url": "https://pocket.limitlesstcg.com/cards/A1/223",
          "name": "Giovanni",
          "count": 2
        },
        {
          "type": "Trainer",
          "url": "https://pocket.limitlesstcg.com/cards/A1/225",
          "name": "Sabrina",
          "count": 1
        },
        {
          "type": "Trainer",
          "url": "https://pocket.limitlesstcg.com/cards/P-A/5",
          "name": "Pok\u00e9 Ball",
          "count": 2
        },
        {
          "type": "Trainer",
          "url": "https://pocket.limitlesstcg.com/cards/P-A/1",
          "name": "Potion",
          "count": 1
        },
        {
          "type": "Trainer",
          "url": "https://pocket.limitlesstcg.com/cards/P-A/2",
          "name": "X Speed",
          "count": 1
        }
      ]
    },
    {
      "id": "dantas",
      "name": "dantas",
      "placing": "8",
      "country": "BR",
      "decklist": [
        {
          "type": "Pok\u00e9mon",
          "url": "https://pocket.limitlesstcg.com/cards/A1/37",
          "name": "Vulpix (A1-37)",
          "count": 2
        },
        {
          "type": "Pok\u00e9mon",
          "url": "https://pocket.limitlesstcg.com/cards/A1/38",
          "name": "Ninetales (A1-38)",
          "count": 2
        },
        {
          "type": "Pok\u00e9mon",
          "url": "https://pocket.limitlesstcg.com/cards/A1/42",
          "name": "Ponyta (A1-42)",
          "count": 2
        },
        {
          "type": "Pok\u00e9mon",
          "url": "https://pocket.limitlesstcg.com/cards/A1/43",
          "name": "Rapidash (A1-43)",
          "count": 2
        },
        {
          "type": "Trainer",
          "url": "https://pocket.limitlesstcg.com/cards/A1/225",
          "name": "Sabrina",
          "count": 2
        },
        {
          "type": "Trainer",
          "url": "https://pocket.limitlesstcg.com/cards/P-A/7",
          "name": "Professor's Research",
          "count": 2
        },
        {
          "type": "Trainer",
          "url": "https://pocket.limitlesstcg.com/cards/A1/221",
          "name": "Blaine",
          "count": 2
        },
        {
          "type": "Trainer",
          "url": "https://pocket.limitlesstcg.com/cards/P-A/5",
          "name": "Pok\u00e9 Ball",
          "count": 2
        },
        {
          "type": "Trainer",
          "url": "https://pocket.limitlesstcg.com/cards/P-A/2",
          "name": "X Speed",
          "count": 2
        },
        {
          "type": "Trainer",
          "url": "https://pocket.limitlesstcg.com/cards/P-A/1",
          "name": "Potion",
          "count": 2
        }
      ]
    },
    {
      "id": "miaci",
      "name": "miaci",
      "placing": "9",
      "country": "BR",
      "decklist": [
        {
          "type": "Pok\u00e9mon",
          "url": "https://pocket.limitlesstcg.com/cards/A1/183",
          "name": "Dratini (A1-183)",
          "count": 2
        },
        {
          "type": "Pok\u00e9mon",
          "url": "https://pocket.limitlesstcg.com/cards/A1/184",
          "name": "Dragonair (A1-184)",
          "count": 2
        },
        {
          "type": "Pok\u00e9mon",
          "url": "https://pocket.limitlesstcg.com/cards/A1/185",
          "name": "Dragonite (A1-185)",
          "count": 2
        },
        {
          "type": "Pok\u00e9mon",
          "url": "https://pocket.limitlesstcg.com/cards/A1/92",
          "name": "Snom (A1-92)",
          "count": 2
        },
        {
          "type": "Pok\u00e9mon",
          "url": "https://pocket.limitlesstcg.com/cards/A1/93",
          "name": "Frosmoth (A1-93)",
          "count": 2
        },
        {
          "type": "Pok\u00e9mon",
          "url": "https://pocket.limitlesstcg.com/cards/A1/203",
          "name": "Kangaskhan (A1-203)",
          "count": 1
        },
        {
          "type": "Trainer",
          "url": "https://pocket.limitlesstcg.com/cards/P-A/7",
          "name": "Professor's Research",
          "count": 2
        },
        {
          "type": "Trainer",
          "url": "https://pocket.limitlesstcg.com/cards/A1/225",
          "name": "Sabrina",
          "count": 2
        },
        {
          "type": "Trainer",
          "url": "https://pocket.limitlesstcg.com/cards/P-A/5",
          "name": "Pok\u00e9 Ball",
          "count": 2
        },
        {
          "type": "Trainer",
          "url": "https://pocket.limitlesstcg.com/cards/P-A/2",
          "name": "X Speed",
          "count": 2
        },
        {
          "type": "Trainer",
          "url": "https://pocket.limitlesstcg.com/cards/P-A/6",
          "name": "Red Card",
          "count": 1
        }
      ]
    },
    {
      "id": "younggod",
      "name": "YoungGod",
      "placing": "10",
      "country": "US",
      "decklist": [
        {
          "type": "Pok\u00e9mon",
          "url": "https://pocket.limitlesstcg.com/cards/A1/183",
          "name": "Dratini (A1-183)",
          "count": 2
        },
        {
          "type": "Pok\u00e9mon",
          "url": "https://pocket.limitlesstcg.com/cards/A1/184",
          "name": "Dragonair (A1-184)",
          "count": 2
        },
        {
          "type": "Pok\u00e9mon",
          "url": "https://pocket.limitlesstcg.com/cards/A1/185",
          "name": "Dragonite (A1-185)",
          "count": 2
        },
        {
          "type": "Pok\u00e9mon",
          "url": "https://pocket.limitlesstcg.com/cards/A1/206",
          "name": "Eevee (A1-206)",
          "count": 2
        },
        {
          "type": "Pok\u00e9mon",
          "url": "https://pocket.limitlesstcg.com/cards/A1/102",
          "name": "Jolteon (A1-102)",
          "count": 1
        },
        {
          "type": "Pok\u00e9mon",
          "url": "https://pocket.limitlesstcg.com/cards/A1/80",
          "name": "Vaporeon (A1-80)",
          "count": 1
        },
        {
          "type": "Pok\u00e9mon",
          "url": "https://pocket.limitlesstcg.com/cards/A1/83",
          "name": "Articuno (A1-83)",
          "count": 1
        },
        {
          "type": "Trainer",
          "url": "https://pocket.limitlesstcg.com/cards/P-A/7",
          "name": "Professor's Research",
          "count": 2
        },
        {
          "type": "Trainer",
          "url": "https://pocket.limitlesstcg.com/cards/A1/220",
          "name": "Misty",
          "count": 2
        },
        {
          "type": "Trainer",
          "url": "https://pocket.limitlesstcg.com/cards/A1/225",
          "name": "Sabrina",
          "count": 1
        },
        {
          "type": "Trainer",
          "url": "https://pocket.limitlesstcg.com/cards/P-A/5",
          "name": "Pok\u00e9 Ball",
          "count": 1
        },
        {
          "type": "Trainer",
          "url": "https://pocket.limitlesstcg.com/cards/P-A/1",
          "name": "Potion",
          "count": 1
        },
        {
          "type": "Trainer",
          "url": "https://pocket.limitlesstcg.com/cards/P-A/2",
          "name": "X Speed",
          "count": 1
        },
        {
          "type": "Trainer",
          "url": "https://pocket.limitlesstcg.com/cards/P-A/6",
          "name": "Red Card",
          "count": 1
        }
      ]
    },
    {
      "id": "tucunduva",
      "name": "Tucunduva",
      "placing": "11",
      "country": "BR",
      "decklist": [
        {
          "type": "Pok\u00e9mon",
          "url": "https://pocket.limitlesstcg.com/cards/A1/164",
          "name": "Ekans (A1-164)",
          "count": 2
        },
        {
          "type": "Pok\u00e9mon",
          "url": "https://pocket.limitlesstcg.com/cards/A1/165",
          "name": "Arbok (A1-165)",
          "count": 2
        },
        {
          "type": "Pok\u00e9mon",
          "url": "https://pocket.limitlesstcg.com/cards/A1/176",
          "name": "Koffing (A1-176)",
          "count": 2
        },
        {
          "type": "Pok\u00e9mon",
          "url": "https://pocket.limitlesstcg.com/cards/A1/177",
          "name": "Weezing (A1-177)",
          "count": 2
        },
        {
          "type": "Trainer",
          "url": "https://pocket.limitlesstcg.com/cards/P-A/7",
          "name": "Professor's Research",
          "count": 2
        },
        {
          "type": "Trainer",
          "url": "https://pocket.limitlesstcg.com/cards/A1/222",
          "name": "Koga",
          "count": 2
        },
        {
          "type": "Trainer",
          "url": "https://pocket.limitlesstcg.com/cards/A1/225",
          "name": "Sabrina",
          "count": 2
        },
        {
          "type": "Trainer",
          "url": "https://pocket.limitlesstcg.com/cards/P-A/1",
          "name": "Potion",
          "count": 2
        },
        {
          "type": "Trainer",
          "url": "https://pocket.limitlesstcg.com/cards/P-A/2",
          "name": "X Speed",
          "count": 2
        },
        {
          "type": "Trainer",
          "url": "https://pocket.limitlesstcg.com/cards/P-A/5",
          "name": "Pok\u00e9 Ball",
          "count": 2
        }
      ]
    },
    {
      "id": "jarbatn",
      "name": "Jarbatn",
      "placing": "12",
      "country": "TH",
      "decklist": [
        {
          "type": "Pok\u00e9mon",
          "url": "https://pocket.limitlesstcg.com/cards/A1/62",
          "name": "Tentacool (A1-62)",
          "count": 2
        },
        {
          "type": "Pok\u00e9mon",
          "url": "https://pocket.limitlesstcg.com/cards/A1/63",
          "name": "Tentacruel (A1-63)",
          "count": 2
        },
        {
          "type": "Pok\u00e9mon",
          "url": "https://pocket.limitlesstcg.com/cards/A1/90",
          "name": "Pyukumuku (A1-90)",
          "count": 2
        },
        {
          "type": "Pok\u00e9mon",
          "url": "https://pocket.limitlesstcg.com/cards/A1/83",
          "name": "Articuno (A1-83)",
          "count": 1
        },
        {
          "type": "Pok\u00e9mon",
          "url": "https://pocket.limitlesstcg.com/cards/A1/79",
          "name": "Lapras (A1-79)",
          "count": 1
        },
        {
          "type": "Trainer",
          "url": "https://pocket.limitlesstcg.com/cards/A1/225",
          "name": "Sabrina",
          "count": 2
        },
        {
          "type": "Trainer",
          "url": "https://pocket.limitlesstcg.com/cards/P-A/7",
          "name": "Professor's Research",
          "count": 2
        },
        {
          "type": "Trainer",
          "url": "https://pocket.limitlesstcg.com/cards/A1/223",
          "name": "Giovanni",
          "count": 2
        },
        {
          "type": "Trainer",
          "url": "https://pocket.limitlesstcg.com/cards/P-A/5",
          "name": "Pok\u00e9 Ball",
          "count": 2
        },
        {
          "type": "Trainer",
          "url": "https://pocket.limitlesstcg.com/cards/P-A/2",
          "name": "X Speed",
          "count": 2
        },
        {
          "type": "Trainer",
          "url": "https://pocket.limitlesstcg.com/cards/P-A/1",
          "name": "Potion",
          "count": 2
        }
      ]
    },
    {
      "id": "erikitoh",
      "name": "erikitoh",
      "placing": "13",
      "country": "ES",
      "decklist": [
        {
          "type": "Pok\u00e9mon",
          "url": "https://pocket.limitlesstcg.com/cards/A1/183",
          "name": "Dratini (A1-183)",
          "count": 2
        },
        {
          "type": "Pok\u00e9mon",
          "url": "https://pocket.limitlesstcg.com/cards/A1/184",
          "name": "Dragonair (A1-184)",
          "count": 2
        },
        {
          "type": "Pok\u00e9mon",
          "url": "https://pocket.limitlesstcg.com/cards/A1/185",
          "name": "Dragonite (A1-185)",
          "count": 2
        },
        {
          "type": "Pok\u00e9mon",
          "url": "https://pocket.limitlesstcg.com/cards/A1/176",
          "name": "Koffing (A1-176)",
          "count": 2
        },
        {
          "type": "Pok\u00e9mon",
          "url": "https://pocket.limitlesstcg.com/cards/A1/177",
          "name": "Weezing (A1-177)",
          "count": 2
        },
        {
          "type": "Pok\u00e9mon",
          "url": "https://pocket.limitlesstcg.com/cards/A1/203",
          "name": "Kangaskhan (A1-203)",
          "count": 1
        },
        {
          "type": "Trainer",
          "url": "https://pocket.limitlesstcg.com/cards/A1/222",
          "name": "Koga",
          "count": 2
        },
        {
          "type": "Trainer",
          "url": "https://pocket.limitlesstcg.com/cards/P-A/7",
          "name": "Professor's Research",
          "count": 2
        },
        {
          "type": "Trainer",
          "url": "https://pocket.limitlesstcg.com/cards/A1/225",
          "name": "Sabrina",
          "count": 1
        },
        {
          "type": "Trainer",
          "url": "https://pocket.limitlesstcg.com/cards/P-A/2",
          "name": "X Speed",
          "count": 2
        },
        {
          "type": "Trainer",
          "url": "https://pocket.limitlesstcg.com/cards/P-A/5",
          "name": "Pok\u00e9 Ball",
          "count": 2
        }
      ]
    },
    {
      "id": "moni649",
      "name": "Moni649",
      "placing": "14",
      "country": "ID",
      "decklist": [
        {
          "type": "Pok\u00e9mon",
          "url": "https://pocket.limitlesstcg.com/cards/A1/37",
          "name": "Vulpix (A1-37)",
          "count": 2
        },
        {
          "type": "Pok\u00e9mon",
          "url": "https://pocket.limitlesstcg.com/cards/A1/38",
          "name": "Ninetales (A1-38)",
          "count": 2
        },
        {
          "type": "Pok\u00e9mon",
          "url": "https://pocket.limitlesstcg.com/cards/A1/42",
          "name": "Ponyta (A1-42)",
          "count": 2
        },
        {
          "type": "Pok\u00e9mon",
          "url": "https://pocket.limitlesstcg.com/cards/A1/43",
          "name": "Rapidash (A1-43)",
          "count": 2
        },
        {
          "type": "Trainer",
          "url": "https://pocket.limitlesstcg.com/cards/A1/221",
          "name": "Blaine",
          "count": 2
        },
        {
          "type": "Trainer",
          "url": "https://pocket.limitlesstcg.com/cards/P-A/7",
          "name": "Professor's Research",
          "count": 2
        },
        {
          "type": "Trainer",
          "url": "https://pocket.limitlesstcg.com/cards/A1/225",
          "name": "Sabrina",
          "count": 1
        },
        {
          "type": "Trainer",
          "url": "https://pocket.limitlesstcg.com/cards/A1/223",
          "name": "Giovanni",
          "count": 1
        },
        {
          "type": "Trainer",
          "url": "https://pocket.limitlesstcg.com/cards/P-A/2",
          "name": "X Speed",
          "count": 2
        },
        {
          "type": "Trainer",
          "url": "https://pocket.limitlesstcg.com/cards/P-A/5",
          "name": "Pok\u00e9 Ball",
          "count": 2
        },
        {
          "type": "Trainer",
          "url": "https://pocket.limitlesstcg.com/cards/P-A/1",
          "name": "Potion",
          "count": 1
        },
        {
          "type": "Trainer",
          "url": "https://pocket.limitlesstcg.com/cards/P-A/6",
          "name": "Red Card",
          "count": 1
        }
      ]
    },
    {
      "id": "nepy",
      "name": "Davi Oliveira",
      "placing": "15",
      "country": "BR",
      "decklist": [
        {
          "type": "Pok\u00e9mon",
          "url": "https://pocket.limitlesstcg.com/cards/A1/8",
          "name": "Weedle (A1-8)",
          "count": 2
        },
        {
          "type": "Pok\u00e9mon",
          "url": "https://pocket.limitlesstcg.com/cards/A1/9",
          "name": "Kakuna (A1-9)",
          "count": 2
        },
        {
          "type": "Pok\u00e9mon",
          "url": "https://pocket.limitlesstcg.com/cards/A1/10",
          "name": "Beedrill (A1-10)",
          "count": 2
        },
        {
          "type": "Pok\u00e9mon",
          "url": "https://pocket.limitlesstcg.com/cards/A1/16",
          "name": "Venonat (A1-16)",
          "count": 2
        },
        {
          "type": "Pok\u00e9mon",
          "url": "https://pocket.limitlesstcg.com/cards/A1/17",
          "name": "Venomoth (A1-17)",
          "count": 2
        },
        {
          "type": "Pok\u00e9mon",
          "url": "https://pocket.limitlesstcg.com/cards/A1/25",
          "name": "Scyther (A1-25)",
          "count": 1
        },
        {
          "type": "Trainer",
          "url": "https://pocket.limitlesstcg.com/cards/P-A/7",
          "name": "Professor's Research",
          "count": 2
        },
        {
          "type": "Trainer",
          "url": "https://pocket.limitlesstcg.com/cards/A1/219",
          "name": "Erika",
          "count": 2
        },
        {
          "type": "Trainer",
          "url": "https://pocket.limitlesstcg.com/cards/A1/223",
          "name": "Giovanni",
          "count": 2
        },
        {
          "type": "Trainer",
          "url": "https://pocket.limitlesstcg.com/cards/A1/225",
          "name": "Sabrina",
          "count": 1
        },
        {
          "type": "Trainer",
          "url": "https://pocket.limitlesstcg.com/cards/P-A/5",
          "name": "Pok\u00e9 Ball",
          "count": 2
        }
      ]
    },
    {
      "id": "painpeko",
      "name": "Painpeko",
      "placing": "16",
      "country": "FR",
      "decklist": [
        {
          "type": "Pok\u00e9mon",
          "url": "https://pocket.limitlesstcg.com/cards/A1/87",
          "name": "Froakie (A1-87)",
          "count": 2
        },
        {
          "type": "Pok\u00e9mon",
          "url": "https://pocket.limitlesstcg.com/cards/A1/88",
          "name": "Frogadier (A1-88)",
          "count": 2
        },
        {
          "type": "Pok\u00e9mon",
          "url": "https://pocket.limitlesstcg.com/cards/A1/89",
          "name": "Greninja (A1-89)",
          "count": 2
        },
        {
          "type": "Pok\u00e9mon",
          "url": "https://pocket.limitlesstcg.com/cards/A1/91",
          "name": "Bruxish (A1-91)",
          "count": 2
        },
        {
          "type": "Pok\u00e9mon",
          "url": "https://pocket.limitlesstcg.com/cards/A1/196",
          "name": "Meowth (A1-196)",
          "count": 1
        },
        {
          "type": "Trainer",
          "url": "https://pocket.limitlesstcg.com/cards/P-A/7",
          "name": "Professor's Research",
          "count": 2
        },
        {
          "type": "Trainer",
          "url": "https://pocket.limitlesstcg.com/cards/A1/225",
          "name": "Sabrina",
          "count": 2
        },
        {
          "type": "Trainer",
          "url": "https://pocket.limitlesstcg.com/cards/A1/220",
          "name": "Misty",
          "count": 1
        },
        {
          "type": "Trainer",
          "url": "https://pocket.limitlesstcg.com/cards/A1/223",
          "name": "Giovanni",
          "count": 1
        },
        {
          "type": "Trainer",
          "url": "https://pocket.limitlesstcg.com/cards/P-A/5",
          "name": "Pok\u00e9 Ball",
          "count": 2
        },
        {
          "type": "Trainer",
          "url": "https://pocket.limitlesstcg.com/cards/P-A/2",
          "name": "X Speed",
          "count": 2
        },
        {
          "type": "Trainer",
          "url": "https://pocket.limitlesstcg.com/cards/P-A/1",
          "name": "Potion",
          "count": 1
        }
      ]
    },
    {
      "id": "fenrirrr",
      "name": "Fenrirrr",
      "placing": "17",
      "country": "ID",
      "decklist": [
        {
          "type": "Pok\u00e9mon",
          "url": "https://pocket.limitlesstcg.com/cards/A1/87",
          "name": "Froakie (A1-87)",
          "count": 2
        },
        {
          "type": "Pok\u00e9mon",
          "url": "https://pocket.limitlesstcg.com/cards/A1/88",
          "name": "Frogadier (A1-88)",
          "count": 2
        },
        {
          "type": "Pok\u00e9mon",
          "url": "https://pocket.limitlesstcg.com/cards/A1/89",
          "name": "Greninja (A1-89)",
          "count": 2
        },
        {
          "type": "Pok\u00e9mon",
          "url": "https://pocket.limitlesstcg.com/cards/A1/62",
          "name": "Tentacool (A1-62)",
          "count": 2
        },
        {
          "type": "Pok\u00e9mon",
          "url": "https://pocket.limitlesstcg.com/cards/A1/63",
          "name": "Tentacruel (A1-63)",
          "count": 2
        },
        {
          "type": "Pok\u00e9mon",
          "url": "https://pocket.limitlesstcg.com/cards/A1/83",
          "name": "Articuno (A1-83)",
          "count": 1
        },
        {
          "type": "Trainer",
          "url": "https://pocket.limitlesstcg.com/cards/P-A/7",
          "name": "Professor's Research",
          "count": 2
        },
        {
          "type": "Trainer",
          "url": "https://pocket.limitlesstcg.com/cards/A1/225",
          "name": "Sabrina",
          "count": 1
        },
        {
          "type": "Trainer",
          "url": "https://pocket.limitlesstcg.com/cards/A1/223",
          "name": "Giovanni",
          "count": 1
        },
        {
          "type": "Trainer",
          "url": "https://pocket.limitlesstcg.com/cards/P-A/5",
          "name": "Pok\u00e9 Ball",
          "count": 2
        },
        {
          "type": "Trainer",
          "url": "https://pocket.limitlesstcg.com/cards/P-A/2",
          "name": "X Speed",
          "count": 2
        },
        {
          "type": "Trainer",
          "url": "https://pocket.limitlesstcg.com/cards/P-A/1",
          "name": "Potion",
          "count": 1
        }
      ]
    },
    {
      "id": "jeltoddd",
      "name": "M.Naufal H",
      "placing": "18",
      "country": "ID",
      "decklist": [
        {
          "type": "Pok\u00e9mon",
          "url": "https://pocket.limitlesstcg.com/cards/A1/164",
          "name": "Ekans (A1-164)",
          "count": 2
        },
        {
          "type": "Pok\u00e9mon",
          "url": "https://pocket.limitlesstcg.com/cards/A1/165",
          "name": "Arbok (A1-165)",
          "count": 2
        },
        {
          "type": "Pok\u00e9mon",
          "url": "https://pocket.limitlesstcg.com/cards/A1/176",
          "name": "Koffing (A1-176)",
          "count": 1
        },
        {
          "type": "Pok\u00e9mon",
          "url": "https://pocket.limitlesstcg.com/cards/A1/177",
          "name": "Weezing (A1-177)",
          "count": 1
        },
        {
          "type": "Pok\u00e9mon",
          "url": "https://pocket.limitlesstcg.com/cards/A1/186",
          "name": "Pidgey (A1-186)",
          "count": 1
        },
        {
          "type": "Pok\u00e9mon",
          "url": "https://pocket.limitlesstcg.com/cards/A1/187",
          "name": "Pidgeotto (A1-187)",
          "count": 1
        },
        {
          "type": "Pok\u00e9mon",
          "url": "https://pocket.limitlesstcg.com/cards/A1/188",
          "name": "Pidgeot (A1-188)",
          "count": 1
        },
        {
          "type": "Trainer",
          "url": "https://pocket.limitlesstcg.com/cards/P-A/7",
          "name": "Professor's Research",
          "count": 2
        },
        {
          "type": "Trainer",
          "url": "https://pocket.limitlesstcg.com/cards/A1/223",
          "name": "Giovanni",
          "count": 2
        },
        {
          "type": "Trainer",
          "url": "https://pocket.limitlesstcg.com/cards/A1/225",
          "name": "Sabrina",
          "count": 1
        },
        {
          "type": "Trainer",
          "url": "https://pocket.limitlesstcg.com/cards/P-A/5",
          "name": "Pok\u00e9 Ball",
          "count": 2
        },
        {
          "type": "Trainer",
          "url": "https://pocket.limitlesstcg.com/cards/P-A/1",
          "name": "Potion",
          "count": 2
        },
        {
          "type": "Trainer",
          "url": "https://pocket.limitlesstcg.com/cards/P-A/2",
          "name": "X Speed",
          "count": 1
        },
        {
          "type": "Trainer",
          "url": "https://pocket.limitlesstcg.com/cards/P-A/6",
          "name": "Red Card",
          "count": 1
        }
      ]
    },
    {
      "id": "metanoian",
      "name": "Metanoian",
      "placing": "19",
      "country": "CL",
      "decklist": [
        {
          "type": "Pok\u00e9mon",
          "url": "https://pocket.limitlesstcg.com/cards/A1/115",
          "name": "Abra (A1-115)",
          "count": 2
        },
        {
          "type": "Pok\u00e9mon",
          "url": "https://pocket.limitlesstcg.com/cards/A1/116",
          "name": "Kadabra (A1-116)",
          "count": 2
        },
        {
          "type": "Pok\u00e9mon",
          "url": "https://pocket.limitlesstcg.com/cards/A1/117",
          "name": "Alakazam (A1-117)",
          "count": 2
        },
        {
          "type": "Pok\u00e9mon",
          "url": "https://pocket.limitlesstcg.com/cards/A1/186",
          "name": "Pidgey (A1-186)",
          "count": 2
        },
        {
          "type": "Pok\u00e9mon",
          "url": "https://pocket.limitlesstcg.com/cards/A1/187",
          "name": "Pidgeotto (A1-187)",
          "count": 2
        },
        {
          "type": "Pok\u00e9mon",
          "url": "https://pocket.limitlesstcg.com/cards/A1/188",
          "name": "Pidgeot (A1-188)",
          "count": 2
        },
        {
          "type": "Pok\u00e9mon",
          "url": "https://pocket.limitlesstcg.com/cards/P-A/22",
          "name": "Jigglypuff (P-A-22)",
          "count": 1
        },
        {
          "type": "Trainer",
          "url": "https://pocket.limitlesstcg.com/cards/P-A/7",
          "name": "Professor's Research",
          "count": 1
        },
        {
          "type": "Trainer",
          "url": "https://pocket.limitlesstcg.com/cards/A1/225",
          "name": "Sabrina",
          "count": 1
        },
        {
          "type": "Trainer",
          "url": "https://pocket.limitlesstcg.com/cards/A1/223",
          "name": "Giovanni",
          "count": 1
        },
        {
          "type": "Trainer",
          "url": "https://pocket.limitlesstcg.com/cards/P-A/5",
          "name": "Pok\u00e9 Ball",
          "count": 2
        },
        {
          "type": "Trainer",
          "url": "https://pocket.limitlesstcg.com/cards/P-A/1",
          "name": "Potion",
          "count": 1
        },
        {
          "type": "Trainer",
          "url": "https://pocket.limitlesstcg.com/cards/P-A/2",
          "name": "X Speed",
          "count": 1
        }
      ]
    },
    {
      "id": "jaoaires",
      "name": "jaoaires",
      "placing": "20",
      "country": "BR",
      "decklist": [
        {
          "type": "Pok\u00e9mon",
          "url": "https://pocket.limitlesstcg.com/cards/A1/115",
          "name": "Abra (A1-115)",
          "count": 2
        },
        {
          "type": "Pok\u00e9mon",
          "url": "https://pocket.limitlesstcg.com/cards/A1/116",
          "name": "Kadabra (A1-116)",
          "count": 2
        },
        {
          "type": "Pok\u00e9mon",
          "url": "https://pocket.limitlesstcg.com/cards/A1/117",
          "name": "Alakazam (A1-117)",
          "count": 2
        },
        {
          "type": "Pok\u00e9mon",
          "url": "https://pocket.limitlesstcg.com/cards/A1/203",
          "name": "Kangaskhan (A1-203)",
          "count": 2
        },
        {
          "type": "Trainer",
          "url": "https://pocket.limitlesstcg.com/cards/A1/225",
          "name": "Sabrina",
          "count": 2
        },
        {
          "type": "Trainer",
          "url": "https://pocket.limitlesstcg.com/cards/P-A/7",
          "name": "Professor's Research",
          "count": 2
        },
        {
          "type": "Trainer",
          "url": "https://pocket.limitlesstcg.com/cards/A1/223",
          "name": "Giovanni",
          "count": 2
        },
        {
          "type": "Trainer",
          "url": "https://pocket.limitlesstcg.com/cards/P-A/1",
          "name": "Potion",
          "count": 2
        },
        {
          "type": "Trainer",
          "url": "https://pocket.limitlesstcg.com/cards/P-A/2",
          "name": "X Speed",
          "count": 2
        },
        {
          "type": "Trainer",
          "url": "https://pocket.limitlesstcg.com/cards/P-A/5",
          "name": "Pok\u00e9 Ball",
          "count": 2
        }
      ]
    },
    {
      "id": "mimeclipse",
      "name": "MimEclipse",
      "placing": "21",
      "country": "BR",
      "decklist": [
        {
          "type": "Pok\u00e9mon",
          "url": "https://pocket.limitlesstcg.com/cards/A1/11",
          "name": "Oddish (A1-11)",
          "count": 2
        },
        {
          "type": "Pok\u00e9mon",
          "url": "https://pocket.limitlesstcg.com/cards/A1/12",
          "name": "Gloom (A1-12)",
          "count": 2
        },
        {
          "type": "Pok\u00e9mon",
          "url": "https://pocket.limitlesstcg.com/cards/A1/13",
          "name": "Vileplume (A1-13)",
          "count": 2
        },
        {
          "type": "Pok\u00e9mon",
          "url": "https://pocket.limitlesstcg.com/cards/A1/29",
          "name": "Petilil (A1-29)",
          "count": 2
        },
        {
          "type": "Pok\u00e9mon",
          "url": "https://pocket.limitlesstcg.com/cards/A1/30",
          "name": "Lilligant (A1-30)",
          "count": 2
        },
        {
          "type": "Trainer",
          "url": "https://pocket.limitlesstcg.com/cards/A1/219",
          "name": "Erika",
          "count": 2
        },
        {
          "type": "Trainer",
          "url": "https://pocket.limitlesstcg.com/cards/P-A/7",
          "name": "Professor's Research",
          "count": 2
        },
        {
          "type": "Trainer",
          "url": "https://pocket.limitlesstcg.com/cards/A1/225",
          "name": "Sabrina",
          "count": 1
        },
        {
          "type": "Trainer",
          "url": "https://pocket.limitlesstcg.com/cards/P-A/5",
          "name": "Pok\u00e9 Ball",
          "count": 2
        },
        {
          "type": "Trainer",
          "url": "https://pocket.limitlesstcg.com/cards/P-A/1",
          "name": "Potion",
          "count": 2
        },
        {
          "type": "Trainer",
          "url": "https://pocket.limitlesstcg.com/cards/P-A/2",
          "name": "X Speed",
          "count": 1
        }
      ]
    },
    {
      "id": "joaolol",
      "name": "Joaolol",
      "placing": "22",
      "country": "BR",
      "decklist": [
        {
          "type": "Pok\u00e9mon",
          "url": "https://pocket.limitlesstcg.com/cards/A1/87",
          "name": "Froakie (A1-87)",
          "count": 2
        },
        {
          "type": "Pok\u00e9mon",
          "url": "https://pocket.limitlesstcg.com/cards/A1/88",
          "name": "Frogadier (A1-88)",
          "count": 2
        },
        {
          "type": "Pok\u00e9mon",
          "url": "https://pocket.limitlesstcg.com/cards/A1/89",
          "name": "Greninja (A1-89)",
          "count": 2
        },
        {
          "type": "Pok\u00e9mon",
          "url": "https://pocket.limitlesstcg.com/cards/A1/57",
          "name": "Psyduck (A1-57)",
          "count": 2
        },
        {
          "type": "Pok\u00e9mon",
          "url": "https://pocket.limitlesstcg.com/cards/A1/58",
          "name": "Golduck (A1-58)",
          "count": 2
        },
        {
          "type": "Trainer",
          "url": "https://pocket.limitlesstcg.com/cards/A1/225",
          "name": "Sabrina",
          "count": 2
        },
        {
          "type": "Trainer",
          "url": "https://pocket.limitlesstcg.com/cards/P-A/7",
          "name": "Professor's Research",
          "count": 2
        },
        {
          "type": "Trainer",
          "url": "https://pocket.limitlesstcg.com/cards/A1/223",
          "name": "Giovanni",
          "count": 2
        },
        {
          "type": "Trainer",
          "url": "https://pocket.limitlesstcg.com/cards/P-A/2",
          "name": "X Speed",
          "count": 2
        },
        {
          "type": "Trainer",
          "url": "https://pocket.limitlesstcg.com/cards/P-A/5",
          "name": "Pok\u00e9 Ball",
          "count": 2
        }
      ]
    },
    {
      "id": "isabellebell",
      "name": "IsabelleBell",
      "placing": -1,
      "country": "BR",
      "decklist": [
        {
          "type": "Pok\u00e9mon",
          "url": "https://pocket.limitlesstcg.com/cards/A1/164",
          "name": "Ekans (A1-164)",
          "count": 2
        },
        {
          "type": "Pok\u00e9mon",
          "url": "https://pocket.limitlesstcg.com/cards/A1/165",
          "name": "Arbok (A1-165)",
          "count": 2
        },
        {
          "type": "Pok\u00e9mon",
          "url": "https://pocket.limitlesstcg.com/cards/A1/176",
          "name": "Koffing (A1-176)",
          "count": 2
        },
        {
          "type": "Pok\u00e9mon",
          "url": "https://pocket.limitlesstcg.com/cards/A1/177",
          "name": "Weezing (A1-177)",
          "count": 2
        },
        {
          "type": "Trainer",
          "url": "https://pocket.limitlesstcg.com/cards/P-A/7",
          "name": "Professor's Research",
          "count": 2
        },
        {
          "type": "Trainer",
          "url": "https://pocket.limitlesstcg.com/cards/A1/222",
          "name": "Koga",
          "count": 2
        },
        {
          "type": "Trainer",
          "url": "https://pocket.limitlesstcg.com/cards/A1/225",
          "name": "Sabrina",
          "count": 2
        },
        {
          "type": "Trainer",
          "url": "https://pocket.limitlesstcg.com/cards/A1/223",
          "name": "Giovanni",
          "count": 1
        },
        {
          "type": "Trainer",
          "url": "https://pocket.limitlesstcg.com/cards/P-A/5",
          "name": "Pok\u00e9 Ball",
          "count": 2
        },
        {
          "type": "Trainer",
          "url": "https://pocket.limitlesstcg.com/cards/P-A/1",
          "name": "Potion",
          "count": 2
        },
        {
          "type": "Trainer",
          "url": "https://pocket.limitlesstcg.com/cards/P-A/2",
          "name": "X Speed",
          "count": 1
        }
      ]
    },
    {
      "id": "saori",
      "name": "saori",
      "placing": -1,
      "country": "BR",
      "decklist": [
        {
          "type": "Pok\u00e9mon",
          "url": "https://pocket.limitlesstcg.com/cards/A1/37",
          "name": "Vulpix (A1-37)",
          "count": 2
        },
        {
          "type": "Pok\u00e9mon",
          "url": "https://pocket.limitlesstcg.com/cards/A1/38",
          "name": "Ninetales (A1-38)",
          "count": 2
        },
        {
          "type": "Pok\u00e9mon",
          "url": "https://pocket.limitlesstcg.com/cards/A1/42",
          "name": "Ponyta (A1-42)",
          "count": 2
        },
        {
          "type": "Pok\u00e9mon",
          "url": "https://pocket.limitlesstcg.com/cards/A1/43",
          "name": "Rapidash (A1-43)",
          "count": 2
        },
        {
          "type": "Trainer",
          "url": "https://pocket.limitlesstcg.com/cards/A1/221",
          "name": "Blaine",
          "count": 2
        },
        {
          "type": "Trainer",
          "url": "https://pocket.limitlesstcg.com/cards/P-A/7",
          "name": "Professor's Research",
          "count": 2
        },
        {
          "type": "Trainer",
          "url": "https://pocket.limitlesstcg.com/cards/A1/223",
          "name": "Giovanni",
          "count": 2
        },
        {
          "type": "Trainer",
          "url": "https://pocket.limitlesstcg.com/cards/A1/225",
          "name": "Sabrina",
          "count": 1
        },
        {
          "type": "Trainer",
          "url": "https://pocket.limitlesstcg.com/cards/P-A/5",
          "name": "Pok\u00e9 Ball",
          "count": 2
        },
        {
          "type": "Trainer",
          "url": "https://pocket.limitlesstcg.com/cards/P-A/2",
          "name": "X Speed",
          "count": 2
        },
        {
          "type": "Trainer",
          "url": "https://pocket.limitlesstcg.com/cards/P-A/1",
          "name": "Potion",
          "count": 1
        }
      ]
    },
    {
      "id": "3x4verte",
      "name": "3x4Verte",
      "placing": -1,
      "country": "US",
      "decklist": [
        {
          "type": "Pok\u00e9mon",
          "url": "https://pocket.limitlesstcg.com/cards/A1/206",
          "name": "Eevee (A1-206)",
          "count": 2
        },
        {
          "type": "Pok\u00e9mon",
          "url": "https://pocket.limitlesstcg.com/cards/A1/45",
          "name": "Flareon (A1-45)",
          "count": 2
        },
        {
          "type": "Pok\u00e9mon",
          "url": "https://pocket.limitlesstcg.com/cards/A1/102",
          "name": "Jolteon (A1-102)",
          "count": 1
        },
        {
          "type": "Pok\u00e9mon",
          "url": "https://pocket.limitlesstcg.com/cards/A1/110",
          "name": "Helioptile (A1-110)",
          "count": 2
        },
        {
          "type": "Pok\u00e9mon",
          "url": "https://pocket.limitlesstcg.com/cards/A1/111",
          "name": "Heliolisk (A1-111)",
          "count": 2
        },
        {
          "type": "Pok\u00e9mon",
          "url": "https://pocket.limitlesstcg.com/cards/A1/203",
          "name": "Kangaskhan (A1-203)",
          "count": 1
        },
        {
          "type": "Trainer",
          "url": "https://pocket.limitlesstcg.com/cards/A1/225",
          "name": "Sabrina",
          "count": 2
        },
        {
          "type": "Trainer",
          "url": "https://pocket.limitlesstcg.com/cards/P-A/7",
          "name": "Professor's Research",
          "count": 2
        },
        {
          "type": "Trainer",
          "url": "https://pocket.limitlesstcg.com/cards/A1/223",
          "name": "Giovanni",
          "count": 1
        },
        {
          "type": "Trainer",
          "url": "https://pocket.limitlesstcg.com/cards/P-A/5",
          "name": "Pok\u00e9 Ball",
          "count": 2
        },
        {
          "type": "Trainer",
          "url": "https://pocket.limitlesstcg.com/cards/P-A/1",
          "name": "Potion",
          "count": 2
        },
        {
          "type": "Trainer",
          "url": "https://pocket.limitlesstcg.com/cards/P-A/2",
          "name": "X Speed",
          "count": 1
        }
      ]
    },
    {
      "id": "felipindograu",
      "name": "Felipe P",
      "placing": -1,
      "country": "BR",
      "decklist": [
        {
          "type": "Pok\u00e9mon",
          "url": "https://pocket.limitlesstcg.com/cards/A1/130",
          "name": "Ralts (A1-130)",
          "count": 2
        },
        {
          "type": "Pok\u00e9mon",
          "url": "https://pocket.limitlesstcg.com/cards/A1/131",
          "name": "Kirlia (A1-131)",
          "count": 2
        },
        {
          "type": "Pok\u00e9mon",
          "url": "https://pocket.limitlesstcg.com/cards/A1/132",
          "name": "Gardevoir (A1-132)",
          "count": 2
        },
        {
          "type": "Pok\u00e9mon",
          "url": "https://pocket.limitlesstcg.com/cards/A1/128",
          "name": "Mewtwo (A1-128)",
          "count": 2
        },
        {
          "type": "Pok\u00e9mon",
          "url": "https://pocket.limitlesstcg.com/cards/A1/198",
          "name": "Farfetch'd (A1-198)",
          "count": 1
        },
        {
          "type": "Trainer",
          "url": "https://pocket.limitlesstcg.com/cards/P-A/7",
          "name": "Professor's Research",
          "count": 2
        },
        {
          "type": "Trainer",
          "url": "https://pocket.limitlesstcg.com/cards/A1/225",
          "name": "Sabrina",
          "count": 2
        },
        {
          "type": "Trainer",
          "url": "https://pocket.limitlesstcg.com/cards/A1/223",
          "name": "Giovanni",
          "count": 1
        },
        {
          "type": "Trainer",
          "url": "https://pocket.limitlesstcg.com/cards/P-A/5",
          "name": "Pok\u00e9 Ball",
          "count": 2
        },
        {
          "type": "Trainer",
          "url": "https://pocket.limitlesstcg.com/cards/P-A/2",
          "name": "X Speed",
          "count": 2
        },
        {
          "type": "Trainer",
          "url": "https://pocket.limitlesstcg.com/cards/P-A/1",
          "name": "Potion",
          "count": 1
        },
        {
          "type": "Trainer",
          "url": "https://pocket.limitlesstcg.com/cards/P-A/6",
          "name": "Red Card",
          "count": 1
        }
      ]
    },
    {
      "id": "tdorneles",
      "name": "itzDorneles ",
      "placing": -1,
      "country": "BR",
      "decklist": [
        {
          "type": "Pok\u00e9mon",
          "url": "https://pocket.limitlesstcg.com/cards/A1/183",
          "name": "Dratini (A1-183)",
          "count": 2
        },
        {
          "type": "Pok\u00e9mon",
          "url": "https://pocket.limitlesstcg.com/cards/A1/184",
          "name": "Dragonair (A1-184)",
          "count": 2
        },
        {
          "type": "Pok\u00e9mon",
          "url": "https://pocket.limitlesstcg.com/cards/A1/185",
          "name": "Dragonite (A1-185)",
          "count": 2
        },
        {
          "type": "Pok\u00e9mon",
          "url": "https://pocket.limitlesstcg.com/cards/A1/176",
          "name": "Koffing (A1-176)",
          "count": 2
        },
        {
          "type": "Pok\u00e9mon",
          "url": "https://pocket.limitlesstcg.com/cards/A1/177",
          "name": "Weezing (A1-177)",
          "count": 2
        },
        {
          "type": "Trainer",
          "url": "https://pocket.limitlesstcg.com/cards/A1/222",
          "name": "Koga",
          "count": 2
        },
        {
          "type": "Trainer",
          "url": "https://pocket.limitlesstcg.com/cards/P-A/7",
          "name": "Professor's Research",
          "count": 2
        },
        {
          "type": "Trainer",
          "url": "https://pocket.limitlesstcg.com/cards/A1/225",
          "name": "Sabrina",
          "count": 1
        },
        {
          "type": "Trainer",
          "url": "https://pocket.limitlesstcg.com/cards/P-A/1",
          "name": "Potion",
          "count": 2
        },
        {
          "type": "Trainer",
          "url": "https://pocket.limitlesstcg.com/cards/P-A/5",
          "name": "Pok\u00e9 Ball",
          "count": 2
        },
        {
          "type": "Trainer",
          "url": "https://pocket.limitlesstcg.com/cards/P-A/2",
          "name": "X Speed",
          "count": 1
        }
      ]
    },
    {
      "id": "martian",
      "name": "Martian",
      "placing": -1,
      "country": "SG",
      "decklist": [
        {
          "type": "Pok\u00e9mon",
          "url": "https://pocket.limitlesstcg.com/cards/A1/181",
          "name": "Meltan (A1-181)",
          "count": 2
        },
        {
          "type": "Pok\u00e9mon",
          "url": "https://pocket.limitlesstcg.com/cards/A1/182",
          "name": "Melmetal (A1-182)",
          "count": 2
        },
        {
          "type": "Pok\u00e9mon",
          "url": "https://pocket.limitlesstcg.com/cards/P-A/22",
          "name": "Jigglypuff (P-A-22)",
          "count": 2
        },
        {
          "type": "Pok\u00e9mon",
          "url": "https://pocket.limitlesstcg.com/cards/A1/194",
          "name": "Wigglytuff (A1-194)",
          "count": 2
        },
        {
          "type": "Trainer",
          "url": "https://pocket.limitlesstcg.com/cards/P-A/7",
          "name": "Professor's Research",
          "count": 2
        },
        {
          "type": "Trainer",
          "url": "https://pocket.limitlesstcg.com/cards/A1/225",
          "name": "Sabrina",
          "count": 2
        },
        {
          "type": "Trainer",
          "url": "https://pocket.limitlesstcg.com/cards/A1/223",
          "name": "Giovanni",
          "count": 1
        },
        {
          "type": "Trainer",
          "url": "https://pocket.limitlesstcg.com/cards/P-A/1",
          "name": "Potion",
          "count": 2
        },
        {
          "type": "Trainer",
          "url": "https://pocket.limitlesstcg.com/cards/P-A/2",
          "name": "X Speed",
          "count": 2
        },
        {
          "type": "Trainer",
          "url": "https://pocket.limitlesstcg.com/cards/P-A/5",
          "name": "Pok\u00e9 Ball",
          "count": 2
        },
        {
          "type": "Trainer",
          "url": "https://pocket.limitlesstcg.com/cards/P-A/6",
          "name": "Red Card",
          "count": 1
        }
      ]
    },
    {
      "id": "zprod",
      "name": "zprod",
      "placing": -1,
      "country": null,
      "decklist": [
        {
          "type": "Pok\u00e9mon",
          "url": "https://pocket.limitlesstcg.com/cards/A1/164",
          "name": "Ekans (A1-164)",
          "count": 2
        },
        {
          "type": "Pok\u00e9mon",
          "url": "https://pocket.limitlesstcg.com/cards/A1/165",
          "name": "Arbok (A1-165)",
          "count": 2
        },
        {
          "type": "Pok\u00e9mon",
          "url": "https://pocket.limitlesstcg.com/cards/A1/176",
          "name": "Koffing (A1-176)",
          "count": 2
        },
        {
          "type": "Pok\u00e9mon",
          "url": "https://pocket.limitlesstcg.com/cards/A1/177",
          "name": "Weezing (A1-177)",
          "count": 1
        },
        {
          "type": "Trainer",
          "url": "https://pocket.limitlesstcg.com/cards/P-A/7",
          "name": "Professor's Research",
          "count": 2
        },
        {
          "type": "Trainer",
          "url": "https://pocket.limitlesstcg.com/cards/A1/222",
          "name": "Koga",
          "count": 2
        },
        {
          "type": "Trainer",
          "url": "https://pocket.limitlesstcg.com/cards/A1/223",
          "name": "Giovanni",
          "count": 2
        },
        {
          "type": "Trainer",
          "url": "https://pocket.limitlesstcg.com/cards/A1/225",
          "name": "Sabrina",
          "count": 1
        },
        {
          "type": "Trainer",
          "url": "https://pocket.limitlesstcg.com/cards/P-A/1",
          "name": "Potion",
          "count": 2
        },
        {
          "type": "Trainer",
          "url": "https://pocket.limitlesstcg.com/cards/P-A/2",
          "name": "X Speed",
          "count": 2
        },
        {
          "type": "Trainer",
          "url": "https://pocket.limitlesstcg.com/cards/P-A/5",
          "name": "Pok\u00e9 Ball",
          "count": 2
        }
      ]
    },
    {
      "id": "balika",
      "name": "Balika",
      "placing": -1,
      "country": "ES",
      "decklist": [
        {
          "type": "Pok\u00e9mon",
          "url": "https://pocket.limitlesstcg.com/cards/A1/87",
          "name": "Froakie (A1-87)",
          "count": 2
        },
        {
          "type": "Pok\u00e9mon",
          "url": "https://pocket.limitlesstcg.com/cards/A1/88",
          "name": "Frogadier (A1-88)",
          "count": 2
        },
        {
          "type": "Pok\u00e9mon",
          "url": "https://pocket.limitlesstcg.com/cards/A1/89",
          "name": "Greninja (A1-89)",
          "count": 2
        },
        {
          "type": "Pok\u00e9mon",
          "url": "https://pocket.limitlesstcg.com/cards/A1/115",
          "name": "Abra (A1-115)",
          "count": 2
        },
        {
          "type": "Pok\u00e9mon",
          "url": "https://pocket.limitlesstcg.com/cards/A1/116",
          "name": "Kadabra (A1-116)",
          "count": 2
        },
        {
          "type": "Pok\u00e9mon",
          "url": "https://pocket.limitlesstcg.com/cards/A1/117",
          "name": "Alakazam (A1-117)",
          "count": 2
        },
        {
          "type": "Pok\u00e9mon",
          "url": "https://pocket.limitlesstcg.com/cards/A1/203",
          "name": "Kangaskhan (A1-203)",
          "count": 1
        },
        {
          "type": "Trainer",
          "url": "https://pocket.limitlesstcg.com/cards/P-A/7",
          "name": "Professor's Research",
          "count": 2
        },
        {
          "type": "Trainer",
          "url": "https://pocket.limitlesstcg.com/cards/A1/225",
          "name": "Sabrina",
          "count": 2
        },
        {
          "type": "Trainer",
          "url": "https://pocket.limitlesstcg.com/cards/P-A/5",
          "name": "Pok\u00e9 Ball",
          "count": 2
        },
        {
          "type": "Trainer",
          "url": "https://pocket.limitlesstcg.com/cards/P-A/2",
          "name": "X Speed",
          "count": 1
        }
      ]
    },
    {
      "id": "headshotz",
      "name": "HeadShotz",
      "placing": -1,
      "country": "US",
      "decklist": [
        {
          "type": "Pok\u00e9mon",
          "url": "https://pocket.limitlesstcg.com/cards/A1/137",
          "name": "Sandshrew (A1-137)",
          "count": 2
        },
        {
          "type": "Pok\u00e9mon",
          "url": "https://pocket.limitlesstcg.com/cards/A1/138",
          "name": "Sandslash (A1-138)",
          "count": 2
        },
        {
          "type": "Pok\u00e9mon",
          "url": "https://pocket.limitlesstcg.com/cards/A1/158",
          "name": "Kabuto (A1-158)",
          "count": 1
        },
        {
          "type": "Pok\u00e9mon",
          "url": "https://pocket.limitlesstcg.com/cards/A1/159",
          "name": "Kabutops (A1-159)",
          "count": 1
        },
        {
          "type": "Pok\u00e9mon",
          "url": "https://pocket.limitlesstcg.com/cards/A1/155",
          "name": "Hitmonchan (A1-155)",
          "count": 1
        },
        {
          "type": "Pok\u00e9mon",
          "url": "https://pocket.limitlesstcg.com/cards/A1/150",
          "name": "Onix (A1-150)",
          "count": 1
        },
        {
          "type": "Trainer",
          "url": "https://pocket.limitlesstcg.com/cards/A1/224",
          "name": "Brock",
          "count": 2
        },
        {
          "type": "Trainer",
          "url": "https://pocket.limitlesstcg.com/cards/A1/225",
          "name": "Sabrina",
          "count": 2
        },
        {
          "type": "Trainer",
          "url": "https://pocket.limitlesstcg.com/cards/P-A/7",
          "name": "Professor's Research",
          "count": 2
        },
        {
          "type": "Trainer",
          "url": "https://pocket.limitlesstcg.com/cards/A1/223",
          "name": "Giovanni",
          "count": 1
        },
        {
          "type": "Trainer",
          "url": "https://pocket.limitlesstcg.com/cards/P-A/5",
          "name": "Pok\u00e9 Ball",
          "count": 2
        },
        {
          "type": "Trainer",
          "url": "https://pocket.limitlesstcg.com/cards/P-A/1",
          "name": "Potion",
          "count": 2
        },
        {
          "type": "Trainer",
          "url": "https://pocket.limitlesstcg.com/cards/A1/217",
          "name": "Dome Fossil",
          "count": 1
        }
      ]
    },
    {
      "id": "scythergg",
      "name": "scythergg",
      "placing": -1,
      "country": "CL",
      "decklist": [
        {
          "type": "Pok\u00e9mon",
          "url": "https://pocket.limitlesstcg.com/cards/A1/37",
          "name": "Vulpix (A1-37)",
          "count": 2
        },
        {
          "type": "Pok\u00e9mon",
          "url": "https://pocket.limitlesstcg.com/cards/A1/38",
          "name": "Ninetales (A1-38)",
          "count": 2
        },
        {
          "type": "Pok\u00e9mon",
          "url": "https://pocket.limitlesstcg.com/cards/A1/42",
          "name": "Ponyta (A1-42)",
          "count": 2
        },
        {
          "type": "Pok\u00e9mon",
          "url": "https://pocket.limitlesstcg.com/cards/A1/43",
          "name": "Rapidash (A1-43)",
          "count": 2
        },
        {
          "type": "Pok\u00e9mon",
          "url": "https://pocket.limitlesstcg.com/cards/A1/198",
          "name": "Farfetch'd (A1-198)",
          "count": 1
        },
        {
          "type": "Trainer",
          "url": "https://pocket.limitlesstcg.com/cards/P-A/7",
          "name": "Professor's Research",
          "count": 2
        },
        {
          "type": "Trainer",
          "url": "https://pocket.limitlesstcg.com/cards/A1/221",
          "name": "Blaine",
          "count": 2
        },
        {
          "type": "Trainer",
          "url": "https://pocket.limitlesstcg.com/cards/A1/223",
          "name": "Giovanni",
          "count": 2
        },
        {
          "type": "Trainer",
          "url": "https://pocket.limitlesstcg.com/cards/A1/225",
          "name": "Sabrina",
          "count": 1
        },
        {
          "type": "Trainer",
          "url": "https://pocket.limitlesstcg.com/cards/P-A/2",
          "name": "X Speed",
          "count": 2
        },
        {
          "type": "Trainer",
          "url": "https://pocket.limitlesstcg.com/cards/P-A/5",
          "name": "Pok\u00e9 Ball",
          "count": 2
        }
      ]
    }
  ],
  "matches": [
    {
      "match_results": [
        {
          "player_id": "jaoaires",
          "score": 0
        },
        {
          "player_id": "painpeko",
          "score": 1
        }
      ]
    },
    {
      "match_results": [
        {
          "player_id": "scythergg",
          "score": 1
        },
        {
          "player_id": "aidf",
          "score": 0
        }
      ]
    },
    {
      "match_results": [
        {
          "player_id": "jeltoddd",
          "score": 0
        },
        {
          "player_id": "fenrirrr",
          "score": 0
        }
      ]
    },
    {
      "match_results": [
        {
          "player_id": "isabellebell",
          "score": 0
        },
        {
          "player_id": "younggod",
          "score": 1
        }
      ]
    },
    {
      "match_results": [
        {
          "player_id": "felipindograu",
          "score": 0
        },
        {
          "player_id": "zeromeia",
          "score": 0
        }
      ]
    },
    {
      "match_results": [
        {
          "player_id": "hash",
          "score": 1
        },
        {
          "player_id": "moni649",
          "score": 0
        }
      ]
    },
    {
      "match_results": [
        {
          "player_id": "saori",
          "score": 1
        },
        {
          "player_id": "jarbatn",
          "score": 0
        }
      ]
    },
    {
      "match_results": [
        {
          "player_id": "erikitoh",
          "score": 1
        },
        {
          "player_id": "martiuiwa",
          "score": 0
        }
      ]
    },
    {
      "match_results": [
        {
          "player_id": "lulu",
          "score": 1
        },
        {
          "player_id": "balika",
          "score": 0
        }
      ]
    },
    {
      "match_results": [
        {
          "player_id": "tucunduva",
          "score": 1
        },
        {
          "player_id": "zprod",
          "score": 0
        }
      ]
    },
    {
      "match_results": [
        {
          "player_id": "dantas",
          "score": 1
        },
        {
          "player_id": "3x4verte",
          "score": 0
        }
      ]
    },
    {
      "match_results": [
        {
          "player_id": "metanoian",
          "score": 0
        },
        {
          "player_id": "rhoko",
          "score": 0
        }
      ]
    },
    {
      "match_results": [
        {
          "player_id": "joaolol",
          "score": 0
        },
        {
          "player_id": "martian",
          "score": 0
        }
      ]
    },
    {
      "match_results": [
        {
          "player_id": "headshotz",
          "score": 0
        },
        {
          "player_id": "mimeclipse",
          "score": 0
        }
      ]
    },
    {
      "match_results": [
        {
          "player_id": "miaci",
          "score": 1
        },
        {
          "player_id": "tdorneles",
          "score": 0
        }
      ]
    },
    {
      "match_results": [
        {
          "player_id": "nepy",
          "score": 0
        },
        {
          "player_id": "metrallaaa",
          "score": 0
        }
      ]
    },
    {
      "match_results": [
        {
          "player_id": "scythergg",
          "score": 0
        },
        {
          "player_id": "younggod",
          "score": 1
        }
      ]
    },
    {
      "match_results": [
        {
          "player_id": "headshotz",
          "score": 0
        },
        {
          "player_id": "miaci",
          "score": 1
        }
      ]
    },
    {
      "match_results": [
        {
          "player_id": "tucunduva",
          "score": 0
        },
        {
          "player_id": "hash",
          "score": 1
        }
      ]
    },
    {
      "match_results": [
        {
          "player_id": "lulu",
          "score": 1
        },
        {
          "player_id": "painpeko",
          "score": 0
        }
      ]
    },
    {
      "match_results": [
        {
          "player_id": "rhoko",
          "score": 1
        },
        {
          "player_id": "metrallaaa",
          "score": 0
        }
      ]
    },
    {
      "match_results": [
        {
          "player_id": "martian",
          "score": 0
        },
        {
          "player_id": "erikitoh",
          "score": 1
        }
      ]
    },
    {
      "match_results": [
        {
          "player_id": "zeromeia",
          "score": 1
        },
        {
          "player_id": "dantas",
          "score": 0
        }
      ]
    },
    {
      "match_results": [
        {
          "player_id": "saori",
          "score": 0
        },
        {
          "player_id": "fenrirrr",
          "score": 1
        }
      ]
    },
    {
      "match_results": [
        {
          "player_id": "jeltoddd",
          "score": 0
        },
        {
          "player_id": "metanoian",
          "score": 0
        }
      ]
    },
    {
      "match_results": [
        {
          "player_id": "tdorneles",
          "score": 0
        },
        {
          "player_id": "mimeclipse",
          "score": 0
        }
      ]
    },
    {
      "match_results": [
        {
          "player_id": "balika",
          "score": 0
        },
        {
          "player_id": "isabellebell",
          "score": 1
        }
      ]
    },
    {
      "match_results": [
        {
          "player_id": "martiuiwa",
          "score": 0
        },
        {
          "player_id": "joaolol",
          "score": 0
        }
      ]
    },
    {
      "match_results": [
        {
          "player_id": "aidf",
          "score": 1
        },
        {
          "player_id": "3x4verte",
          "score": 0
        }
      ]
    },
    {
      "match_results": [
        {
          "player_id": "moni649",
          "score": 1
        },
        {
          "player_id": "zprod",
          "score": 0
        }
      ]
    },
    {
      "match_results": [
        {
          "player_id": "jaoaires",
          "score": 0
        },
        {
          "player_id": "jarbatn",
          "score": 0
        }
      ]
    },
    {
      "match_results": [
        {
          "player_id": "rhoko",
          "score": 0
        },
        {
          "player_id": "miaci",
          "score": 1
        }
      ]
    },
    {
      "match_results": [
        {
          "player_id": "erikitoh",
          "score": 0
        },
        {
          "player_id": "hash",
          "score": 1
        }
      ]
    },
    {
      "match_results": [
        {
          "player_id": "zeromeia",
          "score": 0
        },
        {
          "player_id": "lulu",
          "score": 1
        }
      ]
    },
    {
      "match_results": [
        {
          "player_id": "younggod",
          "score": 0
        },
        {
          "player_id": "jeltoddd",
          "score": 0
        }
      ]
    },
    {
      "match_results": [
        {
          "player_id": "fenrirrr",
          "score": 0
        },
        {
          "player_id": "painpeko",
          "score": 0
        }
      ]
    },
    {
      "match_results": [
        {
          "player_id": "martian",
          "score": 0
        },
        {
          "player_id": "saori",
          "score": 0
        }
      ]
    },
    {
      "match_results": [
        {
          "player_id": "nepy",
          "score": 0
        },
        {
          "player_id": "aidf",
          "score": 1
        }
      ]
    },
    {
      "match_results": [
        {
          "player_id": "tucunduva",
          "score": 1
        },
        {
          "player_id": "headshotz",
          "score": 0
        }
      ]
    },
    {
      "match_results": [
        {
          "player_id": "isabellebell",
          "score": 0
        },
        {
          "player_id": "metrallaaa",
          "score": 0
        }
      ]
    },
    {
      "match_results": [
        {
          "player_id": "tdorneles",
          "score": 0
        },
        {
          "player_id": "jarbatn",
          "score": 0
        }
      ]
    },
    {
      "match_results": [
        {
          "player_id": "dantas",
          "score": 0
        },
        {
          "player_id": "moni649",
          "score": 0
        }
      ]
    },
    {
      "match_results": [
        {
          "player_id": "scythergg",
          "score": 0
        },
        {
          "player_id": "martiuiwa",
          "score": 0
        }
      ]
    },
    {
      "match_results": [
        {
          "player_id": "jaoaires",
          "score": 0
        },
        {
          "player_id": "metanoian",
          "score": 0
        }
      ]
    },
    {
      "match_results": [
        {
          "player_id": "zprod",
          "score": 0
        },
        {
          "player_id": "joaolol",
          "score": 0
        }
      ]
    },
    {
      "match_results": [
        {
          "player_id": "3x4verte",
          "score": 0
        },
        {
          "player_id": "mimeclipse",
          "score": 0
        }
      ]
    },
    {
      "match_results": [
        {
          "player_id": "hash",
          "score": 1
        },
        {
          "player_id": "lulu",
          "score": 0
        }
      ]
    },
    {
      "match_results": [
        {
          "player_id": "younggod",
          "score": 1
        },
        {
          "player_id": "miaci",
          "score": 0
        }
      ]
    },
    {
      "match_results": [
        {
          "player_id": "dantas",
          "score": 0
        },
        {
          "player_id": "martiuiwa",
          "score": 1
        }
      ]
    },
    {
      "match_results": [
        {
          "player_id": "saori",
          "score": 0
        },
        {
          "player_id": "aidf",
          "score": 1
        }
      ]
    },
    {
      "match_results": [
        {
          "player_id": "erikitoh",
          "score": 0
        },
        {
          "player_id": "rhoko",
          "score": 1
        }
      ]
    },
    {
      "match_results": [
        {
          "player_id": "jarbatn",
          "score": 0
        },
        {
          "player_id": "isabellebell",
          "score": 1
        }
      ]
    },
    {
      "match_results": [
        {
          "player_id": "tucunduva",
          "score": 0
        },
        {
          "player_id": "painpeko",
          "score": 1
        }
      ]
    },
    {
      "match_results": [
        {
          "player_id": "zeromeia",
          "score": 1
        },
        {
          "player_id": "fenrirrr",
          "score": 0
        }
      ]
    },
    {
      "match_results": [
        {
          "player_id": "jeltoddd",
          "score": 0
        },
        {
          "player_id": "headshotz",
          "score": 1
        }
      ]
    },
    {
      "match_results": [
        {
          "player_id": "nepy",
          "score": 1
        },
        {
          "player_id": "zprod",
          "score": 0
        }
      ]
    },
    {
      "match_results": [
        {
          "player_id": "metrallaaa",
          "score": 1
        },
        {
          "player_id": "scythergg",
          "score": 0
        }
      ]
    },
    {
      "match_results": [
        {
          "player_id": "tdorneles",
          "score": 0
        },
        {
          "player_id": "3x4verte",
          "score": 1
        }
      ]
    },
    {
      "match_results": [
        {
          "player_id": "moni649",
          "score": 1
        },
        {
          "player_id": "mimeclipse",
          "score": 0
        }
      ]
    },
    {
      "match_results": [
        {
          "player_id": "jaoaires",
          "score": 0
        },
        {
          "player_id": "joaolol",
          "score": 0
        }
      ]
    },
    {
      "match_results": [
        {
          "player_id": "hash",
          "score": 1
        },
        {
          "player_id": "younggod",
          "score": 0
        }
      ]
    },
    {
      "match_results": [
        {
          "player_id": "painpeko",
          "score": 0
        },
        {
          "player_id": "zeromeia",
          "score": 1
        }
      ]
    },
    {
      "match_results": [
        {
          "player_id": "rhoko",
          "score": 0
        },
        {
          "player_id": "aidf",
          "score": 1
        }
      ]
    },
    {
      "match_results": [
        {
          "player_id": "isabellebell",
          "score": 0
        },
        {
          "player_id": "lulu",
          "score": 0
        }
      ]
    },
    {
      "match_results": [
        {
          "player_id": "martiuiwa",
          "score": 1
        },
        {
          "player_id": "miaci",
          "score": 0
        }
      ]
    },
    {
      "match_results": [
        {
          "player_id": "moni649",
          "score": 1
        },
        {
          "player_id": "jarbatn",
          "score": 0
        }
      ]
    },
    {
      "match_results": [
        {
          "player_id": "saori",
          "score": 0
        },
        {
          "player_id": "metrallaaa",
          "score": 1
        }
      ]
    },
    {
      "match_results": [
        {
          "player_id": "dantas",
          "score": 1
        },
        {
          "player_id": "nepy",
          "score": 0
        }
      ]
    },
    {
      "match_results": [
        {
          "player_id": "headshotz",
          "score": 1
        },
        {
          "player_id": "3x4verte",
          "score": 0
        }
      ]
    },
    {
      "match_results": [
        {
          "player_id": "erikitoh",
          "score": 0
        },
        {
          "player_id": "tucunduva",
          "score": 1
        }
      ]
    },
    {
      "match_results": [
        {
          "player_id": "jeltoddd",
          "score": 0
        },
        {
          "player_id": "zprod",
          "score": 1
        }
      ]
    },
    {
      "match_results": [
        {
          "player_id": "fenrirrr",
          "score": 0
        },
        {
          "player_id": "metanoian",
          "score": 0
        }
      ]
    },
    {
      "match_results": [
        {
          "player_id": "mimeclipse",
          "score": 0
        },
        {
          "player_id": "joaolol",
          "score": 0
        }
      ]
    },
    {
      "match_results": [
        {
          "player_id": "hash",
          "score": 1
        },
        {
          "player_id": "isabellebell",
          "score": 0
        }
      ]
    },
    {
      "match_results": [
        {
          "player_id": "martiuiwa",
          "score": 1
        },
        {
          "player_id": "aidf",
          "score": 0
        }
      ]
    },
    {
      "match_results": [
        {
          "player_id": "zeromeia",
          "score": 1
        },
        {
          "player_id": "younggod",
          "score": 0
        }
      ]
    },
    {
      "match_results": [
        {
          "player_id": "rhoko",
          "score": 1
        },
        {
          "player_id": "tucunduva",
          "score": 0
        }
      ]
    },
    {
      "match_results": [
        {
          "player_id": "painpeko",
          "score": 0
        },
        {
          "player_id": "dantas",
          "score": 0
        }
      ]
    },
    {
      "match_results": [
        {
          "player_id": "miaci",
          "score": 0
        },
        {
          "player_id": "moni649",
          "score": 0
        }
      ]
    },
    {
      "match_results": [
        {
          "player_id": "metrallaaa",
          "score": 1
        },
        {
          "player_id": "lulu",
          "score": 0
        }
      ]
    },
    {
      "match_results": [
        {
          "player_id": "headshotz",
          "score": 0
        },
        {
          "player_id": "fenrirrr",
          "score": 0
        }
      ]
    },
    {
      "match_results": [
        {
          "player_id": "jarbatn",
          "score": 1
        },
        {
          "player_id": "nepy",
          "score": 0
        }
      ]
    },
    {
      "match_results": [
        {
          "player_id": "erikitoh",
          "score": 0
        },
        {
          "player_id": "jaoaires",
          "score": 0
        }
      ]
    },
    {
      "match_results": [
        {
          "player_id": "jeltoddd",
          "score": 0
        },
        {
          "player_id": "joaolol",
          "score": 0
        }
      ]
    },
    {
      "match_results": [
        {
          "player_id": "metanoian",
          "score": 0
        },
        {
          "player_id": "mimeclipse",
          "score": 0
        }
      ]
    },
    {
      "match_results": [
        {
          "player_id": "hash",
          "score": 0
        },
        {
          "player_id": "martiuiwa",
          "score": 0
        }
      ]
    },
    {
      "match_results": [
        {
          "player_id": "zeromeia",
          "score": 1
        },
        {
          "player_id": "isabellebell",
          "score": 0
        }
      ]
    },
    {
      "match_results": [
        {
          "player_id": "rhoko",
          "score": 1
        },
        {
          "player_id": "dantas",
          "score": 0
        }
      ]
    },
    {
      "match_results": [
        {
          "player_id": "miaci",
          "score": 0
        },
        {
          "player_id": "aidf",
          "score": 1
        }
      ]
    },
    {
      "match_results": [
        {
          "player_id": "headshotz",
          "score": 0
        },
        {
          "player_id": "metrallaaa",
          "score": 1
        }
      ]
    },
    {
      "match_results": [
        {
          "player_id": "younggod",
          "score": 0
        },
        {
          "player_id": "painpeko",
          "score": 0
        }
      ]
    },
    {
      "match_results": [
        {
          "player_id": "moni649",
          "score": 0
        },
        {
          "player_id": "tucunduva",
          "score": 0
        }
      ]
    },
    {
      "match_results": [
        {
          "player_id": "lulu",
          "score": 1
        },
        {
          "player_id": "erikitoh",
          "score": 0
        }
      ]
    },
    {
      "match_results": [
        {
          "player_id": "jarbatn",
          "score": 0
        },
        {
          "player_id": "fenrirrr",
          "score": 0
        }
      ]
    },
    {
      "match_results": [
        {
          "player_id": "nepy",
          "score": 0
        },
        {
          "player_id": "joaolol",
          "score": 0
        }
      ]
    },
    {
      "match_results": [
        {
          "player_id": "jeltoddd",
          "score": 0
        },
        {
          "player_id": "jaoaires",
          "score": 0
        }
      ]
    },
    {
      "match_results": [
        {
          "player_id": "hash",
          "score": 2
        },
        {
          "player_id": "dantas",
          "score": 1
        }
      ]
    },
    {
      "match_results": [
        {
          "player_id": "rhoko",
          "score": 0
        },
        {
          "player_id": "aidf",
          "score": 2
        }
      ]
    },
    {
      "match_results": [
        {
          "player_id": "martiuiwa",
          "score": 1
        },
        {
          "player_id": "lulu",
          "score": 2
        }
      ]
    },
    {
      "match_results": [
        {
          "player_id": "zeromeia",
          "score": 0
        },
        {
          "player_id": "metrallaaa",
          "score": 2
        }
      ]
    },
    {
      "match_results": [
        {
          "player_id": "hash",
          "score": 1
        },
        {
          "player_id": "aidf",
          "score": 2
        }
      ]
    },
    {
      "match_results": [
        {
          "player_id": "lulu",
          "score": 2
        },
        {
          "player_id": "metrallaaa",
          "score": 1
        }
      ]
    },
    {
      "match_results": [
        {
          "player_id": "aidf",
          "score": 2
        },
        {
          "player_id": "lulu",
          "score": 0
        }
      ]
    }
  ]
}