{
  "id": "676b1aa886f3dba534026299",
  "name": "Nalu's Cup Prize R$50 (Premium Pass)",
  "date": "2024-12-26T19:00:00.000Z",
  "organizer": "Brasil TCG",
  "format": "1",
  "nb_players": "35",
  "players": [
    {
      "id": "jhonnyvector",
      "name": "JhonnyVector",
      "placing": "1",
      "country": "BR",
      "decklist": [
        {
          "type": "Pok\u00e9mon",
          "url": "https://pocket.limitlesstcg.com/cards/A1a/4",
          "name": "Snivy (A1a-4)",
          "count": 2
        },
        {
          "type": "Pok\u00e9mon",
          "url": "https://pocket.limitlesstcg.com/cards/A1a/5",
          "name": "Servine (A1a-5)",
          "count": 2
        },
        {
          "type": "Pok\u00e9mon",
          "url": "https://pocket.limitlesstcg.com/cards/A1a/6",
          "name": "Serperior (A1a-6)",
          "count": 2
        },
        {
          "type": "Pok\u00e9mon",
          "url": "https://pocket.limitlesstcg.com/cards/A1/21",
          "name": "Exeggcute (A1-21)",
          "count": 2
        },
        {
          "type": "Pok\u00e9mon",
          "url": "https://pocket.limitlesstcg.com/cards/A1a/2",
          "name": "Exeggutor (A1a-2)",
          "count": 1
        },
        {
          "type": "Pok\u00e9mon",
          "url": "https://pocket.limitlesstcg.com/cards/A1/23",
          "name": "Exeggutor ex (A1-23)",
          "count": 1
        },
        {
          "type": "Pok\u00e9mon",
          "url": "https://pocket.limitlesstcg.com/cards/A1a/3",
          "name": "Celebi ex (A1a-3)",
          "count": 2
        },
        {
          "type": "Trainer",
          "url": "https://pocket.limitlesstcg.com/cards/P-A/7",
          "name": "Professor's Research",
          "count": 2
        },
        {
          "type": "Trainer",
          "url": "https://pocket.limitlesstcg.com/cards/A1/219",
          "name": "Erika",
          "count": 2
        },
        {
          "type": "Trainer",
          "url": "https://pocket.limitlesstcg.com/cards/A1/225",
          "name": "Sabrina",
          "count": 1
        },
        {
          "type": "Trainer",
          "url": "https://pocket.limitlesstcg.com/cards/P-A/5",
          "name": "Pok\u00e9 Ball",
          "count": 2
        },
        {
          "type": "Trainer",
          "url": "https://pocket.limitlesstcg.com/cards/P-A/2",
          "name": "X Speed",
          "count": 1
        }
      ]
    },
    {
      "id": "victinhopm",
      "name": "victinhopm",
      "placing": "2",
      "country": "BR",
      "decklist": [
        {
          "type": "Pok\u00e9mon",
          "url": "https://pocket.limitlesstcg.com/cards/A1/147",
          "name": "Geodude (A1-147)",
          "count": 2
        },
        {
          "type": "Pok\u00e9mon",
          "url": "https://pocket.limitlesstcg.com/cards/A1a/44",
          "name": "Graveler (A1a-44)",
          "count": 2
        },
        {
          "type": "Pok\u00e9mon",
          "url": "https://pocket.limitlesstcg.com/cards/A1a/45",
          "name": "Golem (A1a-45)",
          "count": 2
        },
        {
          "type": "Pok\u00e9mon",
          "url": "https://pocket.limitlesstcg.com/cards/A1a/56",
          "name": "Druddigon (A1a-56)",
          "count": 2
        },
        {
          "type": "Pok\u00e9mon",
          "url": "https://pocket.limitlesstcg.com/cards/A1a/47",
          "name": "Marshadow (A1a-47)",
          "count": 1
        },
        {
          "type": "Pok\u00e9mon",
          "url": "https://pocket.limitlesstcg.com/cards/A1/154",
          "name": "Hitmonlee (A1-154)",
          "count": 1
        },
        {
          "type": "Trainer",
          "url": "https://pocket.limitlesstcg.com/cards/P-A/7",
          "name": "Professor's Research",
          "count": 2
        },
        {
          "type": "Trainer",
          "url": "https://pocket.limitlesstcg.com/cards/A1a/68",
          "name": "Leaf",
          "count": 2
        },
        {
          "type": "Trainer",
          "url": "https://pocket.limitlesstcg.com/cards/A1/224",
          "name": "Brock",
          "count": 2
        },
        {
          "type": "Trainer",
          "url": "https://pocket.limitlesstcg.com/cards/A1/225",
          "name": "Sabrina",
          "count": 1
        },
        {
          "type": "Trainer",
          "url": "https://pocket.limitlesstcg.com/cards/P-A/5",
          "name": "Pok\u00e9 Ball",
          "count": 2
        },
        {
          "type": "Trainer",
          "url": "https://pocket.limitlesstcg.com/cards/P-A/2",
          "name": "X Speed",
          "count": 1
        }
      ]
    },
    {
      "id": "queijoso",
      "name": "queijoso",
      "placing": "3",
      "country": "BR",
      "decklist": [
        {
          "type": "Pok\u00e9mon",
          "url": "https://pocket.limitlesstcg.com/cards/A1/105",
          "name": "Blitzle (A1-105)",
          "count": 2
        },
        {
          "type": "Pok\u00e9mon",
          "url": "https://pocket.limitlesstcg.com/cards/A1/106",
          "name": "Zebstrika (A1-106)",
          "count": 2
        },
        {
          "type": "Pok\u00e9mon",
          "url": "https://pocket.limitlesstcg.com/cards/A1a/28",
          "name": "Joltik (A1a-28)",
          "count": 2
        },
        {
          "type": "Pok\u00e9mon",
          "url": "https://pocket.limitlesstcg.com/cards/A1a/29",
          "name": "Galvantula (A1a-29)",
          "count": 2
        },
        {
          "type": "Pok\u00e9mon",
          "url": "https://pocket.limitlesstcg.com/cards/A1/96",
          "name": "Pikachu ex (A1-96)",
          "count": 2
        },
        {
          "type": "Pok\u00e9mon",
          "url": "https://pocket.limitlesstcg.com/cards/A1/104",
          "name": "Zapdos ex (A1-104)",
          "count": 1
        },
        {
          "type": "Trainer",
          "url": "https://pocket.limitlesstcg.com/cards/P-A/7",
          "name": "Professor's Research",
          "count": 2
        },
        {
          "type": "Trainer",
          "url": "https://pocket.limitlesstcg.com/cards/A1/225",
          "name": "Sabrina",
          "count": 2
        },
        {
          "type": "Trainer",
          "url": "https://pocket.limitlesstcg.com/cards/A1/223",
          "name": "Giovanni",
          "count": 1
        },
        {
          "type": "Trainer",
          "url": "https://pocket.limitlesstcg.com/cards/P-A/2",
          "name": "X Speed",
          "count": 2
        },
        {
          "type": "Trainer",
          "url": "https://pocket.limitlesstcg.com/cards/P-A/5",
          "name": "Pok\u00e9 Ball",
          "count": 2
        }
      ]
    },
    {
      "id": "surdao123",
      "name": "surdao123",
      "placing": "4",
      "country": "BR",
      "decklist": [
        {
          "type": "Pok\u00e9mon",
          "url": "https://pocket.limitlesstcg.com/cards/A1/105",
          "name": "Blitzle (A1-105)",
          "count": 2
        },
        {
          "type": "Pok\u00e9mon",
          "url": "https://pocket.limitlesstcg.com/cards/A1/106",
          "name": "Zebstrika (A1-106)",
          "count": 2
        },
        {
          "type": "Pok\u00e9mon",
          "url": "https://pocket.limitlesstcg.com/cards/A1/96",
          "name": "Pikachu ex (A1-96)",
          "count": 2
        },
        {
          "type": "Pok\u00e9mon",
          "url": "https://pocket.limitlesstcg.com/cards/A1/104",
          "name": "Zapdos ex (A1-104)",
          "count": 2
        },
        {
          "type": "Pok\u00e9mon",
          "url": "https://pocket.limitlesstcg.com/cards/A1a/30",
          "name": "Dedenne (A1a-30)",
          "count": 1
        },
        {
          "type": "Trainer",
          "url": "https://pocket.limitlesstcg.com/cards/A1/225",
          "name": "Sabrina",
          "count": 2
        },
        {
          "type": "Trainer",
          "url": "https://pocket.limitlesstcg.com/cards/P-A/7",
          "name": "Professor's Research",
          "count": 2
        },
        {
          "type": "Trainer",
          "url": "https://pocket.limitlesstcg.com/cards/A1/223",
          "name": "Giovanni",
          "count": 1
        },
        {
          "type": "Trainer",
          "url": "https://pocket.limitlesstcg.com/cards/P-A/2",
          "name": "X Speed",
          "count": 2
        },
        {
          "type": "Trainer",
          "url": "https://pocket.limitlesstcg.com/cards/P-A/5",
          "name": "Pok\u00e9 Ball",
          "count": 2
        },
        {
          "type": "Trainer",
          "url": "https://pocket.limitlesstcg.com/cards/P-A/1",
          "name": "Potion",
          "count": 2
        }
      ]
    },
    {
      "id": "ukato",
      "name": "Ukato",
      "placing": "5",
      "country": "BR",
      "decklist": [
        {
          "type": "Pok\u00e9mon",
          "url": "https://pocket.limitlesstcg.com/cards/A1a/25",
          "name": "Pikachu (A1a-25)",
          "count": 2
        },
        {
          "type": "Pok\u00e9mon",
          "url": "https://pocket.limitlesstcg.com/cards/A1/95",
          "name": "Raichu (A1-95)",
          "count": 2
        },
        {
          "type": "Pok\u00e9mon",
          "url": "https://pocket.limitlesstcg.com/cards/A1/96",
          "name": "Pikachu ex (A1-96)",
          "count": 2
        },
        {
          "type": "Pok\u00e9mon",
          "url": "https://pocket.limitlesstcg.com/cards/A1/104",
          "name": "Zapdos ex (A1-104)",
          "count": 1
        },
        {
          "type": "Pok\u00e9mon",
          "url": "https://pocket.limitlesstcg.com/cards/A1a/27",
          "name": "Electabuzz (A1a-27)",
          "count": 1
        },
        {
          "type": "Pok\u00e9mon",
          "url": "https://pocket.limitlesstcg.com/cards/A1a/30",
          "name": "Dedenne (A1a-30)",
          "count": 1
        },
        {
          "type": "Trainer",
          "url": "https://pocket.limitlesstcg.com/cards/A1/226",
          "name": "Lt. Surge",
          "count": 2
        },
        {
          "type": "Trainer",
          "url": "https://pocket.limitlesstcg.com/cards/A1/225",
          "name": "Sabrina",
          "count": 2
        },
        {
          "type": "Trainer",
          "url": "https://pocket.limitlesstcg.com/cards/P-A/7",
          "name": "Professor's Research",
          "count": 2
        },
        {
          "type": "Trainer",
          "url": "https://pocket.limitlesstcg.com/cards/A1/223",
          "name": "Giovanni",
          "count": 1
        },
        {
          "type": "Trainer",
          "url": "https://pocket.limitlesstcg.com/cards/P-A/5",
          "name": "Pok\u00e9 Ball",
          "count": 2
        },
        {
          "type": "Trainer",
          "url": "https://pocket.limitlesstcg.com/cards/P-A/2",
          "name": "X Speed",
          "count": 2
        }
      ]
    },
    {
      "id": "psgz",
      "name": "psGz",
      "placing": "6",
      "country": "BR",
      "decklist": [
        {
          "type": "Pok\u00e9mon",
          "url": "https://pocket.limitlesstcg.com/cards/A1/143",
          "name": "Machop (A1-143)",
          "count": 2
        },
        {
          "type": "Pok\u00e9mon",
          "url": "https://pocket.limitlesstcg.com/cards/A1/144",
          "name": "Machoke (A1-144)",
          "count": 2
        },
        {
          "type": "Pok\u00e9mon",
          "url": "https://pocket.limitlesstcg.com/cards/A1/146",
          "name": "Machamp ex (A1-146)",
          "count": 2
        },
        {
          "type": "Pok\u00e9mon",
          "url": "https://pocket.limitlesstcg.com/cards/A1a/56",
          "name": "Druddigon (A1a-56)",
          "count": 2
        },
        {
          "type": "Pok\u00e9mon",
          "url": "https://pocket.limitlesstcg.com/cards/A1a/47",
          "name": "Marshadow (A1a-47)",
          "count": 1
        },
        {
          "type": "Pok\u00e9mon",
          "url": "https://pocket.limitlesstcg.com/cards/A1/154",
          "name": "Hitmonlee (A1-154)",
          "count": 1
        },
        {
          "type": "Trainer",
          "url": "https://pocket.limitlesstcg.com/cards/A1a/68",
          "name": "Leaf",
          "count": 2
        },
        {
          "type": "Trainer",
          "url": "https://pocket.limitlesstcg.com/cards/P-A/7",
          "name": "Professor's Research",
          "count": 2
        },
        {
          "type": "Trainer",
          "url": "https://pocket.limitlesstcg.com/cards/A1/225",
          "name": "Sabrina",
          "count": 2
        },
        {
          "type": "Trainer",
          "url": "https://pocket.limitlesstcg.com/cards/A1/223",
          "name": "Giovanni",
          "count": 1
        },
        {
          "type": "Trainer",
          "url": "https://pocket.limitlesstcg.com/cards/P-A/5",
          "name": "Pok\u00e9 Ball",
          "count": 2
        },
        {
          "type": "Trainer",
          "url": "https://pocket.limitlesstcg.com/cards/P-A/1",
          "name": "Potion",
          "count": 1
        }
      ]
    },
    {
      "id": "andrewc",
      "name": "AndrewC",
      "placing": "7",
      "country": null,
      "decklist": [
        {
          "type": "Pok\u00e9mon",
          "url": "https://pocket.limitlesstcg.com/cards/A1/130",
          "name": "Ralts (A1-130)",
          "count": 2
        },
        {
          "type": "Pok\u00e9mon",
          "url": "https://pocket.limitlesstcg.com/cards/A1/131",
          "name": "Kirlia (A1-131)",
          "count": 2
        },
        {
          "type": "Pok\u00e9mon",
          "url": "https://pocket.limitlesstcg.com/cards/A1/132",
          "name": "Gardevoir (A1-132)",
          "count": 2
        },
        {
          "type": "Pok\u00e9mon",
          "url": "https://pocket.limitlesstcg.com/cards/A1/129",
          "name": "Mewtwo ex (A1-129)",
          "count": 2
        },
        {
          "type": "Pok\u00e9mon",
          "url": "https://pocket.limitlesstcg.com/cards/A1a/32",
          "name": "Mew ex (A1a-32)",
          "count": 1
        },
        {
          "type": "Trainer",
          "url": "https://pocket.limitlesstcg.com/cards/P-A/7",
          "name": "Professor's Research",
          "count": 2
        },
        {
          "type": "Trainer",
          "url": "https://pocket.limitlesstcg.com/cards/A1a/68",
          "name": "Leaf",
          "count": 2
        },
        {
          "type": "Trainer",
          "url": "https://pocket.limitlesstcg.com/cards/A1/225",
          "name": "Sabrina",
          "count": 1
        },
        {
          "type": "Trainer",
          "url": "https://pocket.limitlesstcg.com/cards/A1/223",
          "name": "Giovanni",
          "count": 1
        },
        {
          "type": "Trainer",
          "url": "https://pocket.limitlesstcg.com/cards/A1a/67",
          "name": "Blue",
          "count": 1
        },
        {
          "type": "Trainer",
          "url": "https://pocket.limitlesstcg.com/cards/P-A/5",
          "name": "Pok\u00e9 Ball",
          "count": 2
        },
        {
          "type": "Trainer",
          "url": "https://pocket.limitlesstcg.com/cards/A1a/65",
          "name": "Mythical Slab",
          "count": 2
        }
      ]
    },
    {
      "id": "fiero",
      "name": "Fiero",
      "placing": "8",
      "country": "BR",
      "decklist": [
        {
          "type": "Pok\u00e9mon",
          "url": "https://pocket.limitlesstcg.com/cards/A1/87",
          "name": "Froakie (A1-87)",
          "count": 2
        },
        {
          "type": "Pok\u00e9mon",
          "url": "https://pocket.limitlesstcg.com/cards/A1/88",
          "name": "Frogadier (A1-88)",
          "count": 2
        },
        {
          "type": "Pok\u00e9mon",
          "url": "https://pocket.limitlesstcg.com/cards/A1/89",
          "name": "Greninja (A1-89)",
          "count": 2
        },
        {
          "type": "Pok\u00e9mon",
          "url": "https://pocket.limitlesstcg.com/cards/A1a/17",
          "name": "Magikarp (A1a-17)",
          "count": 2
        },
        {
          "type": "Pok\u00e9mon",
          "url": "https://pocket.limitlesstcg.com/cards/A1a/18",
          "name": "Gyarados ex (A1a-18)",
          "count": 2
        },
        {
          "type": "Pok\u00e9mon",
          "url": "https://pocket.limitlesstcg.com/cards/A1a/56",
          "name": "Druddigon (A1a-56)",
          "count": 2
        },
        {
          "type": "Trainer",
          "url": "https://pocket.limitlesstcg.com/cards/P-A/7",
          "name": "Professor's Research",
          "count": 2
        },
        {
          "type": "Trainer",
          "url": "https://pocket.limitlesstcg.com/cards/A1/220",
          "name": "Misty",
          "count": 2
        },
        {
          "type": "Trainer",
          "url": "https://pocket.limitlesstcg.com/cards/A1a/68",
          "name": "Leaf",
          "count": 2
        },
        {
          "type": "Trainer",
          "url": "https://pocket.limitlesstcg.com/cards/P-A/5",
          "name": "Pok\u00e9 Ball",
          "count": 2
        }
      ]
    },
    {
      "id": "oieusoupipo",
      "name": "oieusoupipo",
      "placing": "9",
      "country": "BR",
      "decklist": [
        {
          "type": "Pok\u00e9mon",
          "url": "https://pocket.limitlesstcg.com/cards/A1/130",
          "name": "Ralts (A1-130)",
          "count": 2
        },
        {
          "type": "Pok\u00e9mon",
          "url": "https://pocket.limitlesstcg.com/cards/A1/131",
          "name": "Kirlia (A1-131)",
          "count": 2
        },
        {
          "type": "Pok\u00e9mon",
          "url": "https://pocket.limitlesstcg.com/cards/A1/132",
          "name": "Gardevoir (A1-132)",
          "count": 2
        },
        {
          "type": "Pok\u00e9mon",
          "url": "https://pocket.limitlesstcg.com/cards/A1/129",
          "name": "Mewtwo ex (A1-129)",
          "count": 2
        },
        {
          "type": "Pok\u00e9mon",
          "url": "https://pocket.limitlesstcg.com/cards/A1a/32",
          "name": "Mew ex (A1a-32)",
          "count": 1
        },
        {
          "type": "Trainer",
          "url": "https://pocket.limitlesstcg.com/cards/A1/225",
          "name": "Sabrina",
          "count": 2
        },
        {
          "type": "Trainer",
          "url": "https://pocket.limitlesstcg.com/cards/P-A/7",
          "name": "Professor's Research",
          "count": 2
        },
        {
          "type": "Trainer",
          "url": "https://pocket.limitlesstcg.com/cards/A1a/68",
          "name": "Leaf",
          "count": 1
        },
        {
          "type": "Trainer",
          "url": "https://pocket.limitlesstcg.com/cards/A1a/67",
          "name": "Blue",
          "count": 1
        },
        {
          "type": "Trainer",
          "url": "https://pocket.limitlesstcg.com/cards/P-A/5",
          "name": "Pok\u00e9 Ball",
          "count": 2
        },
        {
          "type": "Trainer",
          "url": "https://pocket.limitlesstcg.com/cards/A1a/65",
          "name": "Mythical Slab",
          "count": 2
        },
        {
          "type": "Trainer",
          "url": "https://pocket.limitlesstcg.com/cards/P-A/2",
          "name": "X Speed",
          "count": 1
        }
      ]
    },
    {
      "id": "brunocarmona",
      "name": "Brunocarmona",
      "placing": "10",
      "country": "BR",
      "decklist": [
        {
          "type": "Pok\u00e9mon",
          "url": "https://pocket.limitlesstcg.com/cards/A1/141",
          "name": "Mankey (A1-141)",
          "count": 2
        },
        {
          "type": "Pok\u00e9mon",
          "url": "https://pocket.limitlesstcg.com/cards/A1a/42",
          "name": "Primeape (A1a-42)",
          "count": 2
        },
        {
          "type": "Pok\u00e9mon",
          "url": "https://pocket.limitlesstcg.com/cards/A1a/46",
          "name": "Aerodactyl ex (A1a-46)",
          "count": 2
        },
        {
          "type": "Pok\u00e9mon",
          "url": "https://pocket.limitlesstcg.com/cards/A1a/47",
          "name": "Marshadow (A1a-47)",
          "count": 1
        },
        {
          "type": "Pok\u00e9mon",
          "url": "https://pocket.limitlesstcg.com/cards/A1/154",
          "name": "Hitmonlee (A1-154)",
          "count": 1
        },
        {
          "type": "Trainer",
          "url": "https://pocket.limitlesstcg.com/cards/P-A/7",
          "name": "Professor's Research",
          "count": 2
        },
        {
          "type": "Trainer",
          "url": "https://pocket.limitlesstcg.com/cards/A1/223",
          "name": "Giovanni",
          "count": 2
        },
        {
          "type": "Trainer",
          "url": "https://pocket.limitlesstcg.com/cards/A1/225",
          "name": "Sabrina",
          "count": 2
        },
        {
          "type": "Trainer",
          "url": "https://pocket.limitlesstcg.com/cards/P-A/5",
          "name": "Pok\u00e9 Ball",
          "count": 2
        },
        {
          "type": "Trainer",
          "url": "https://pocket.limitlesstcg.com/cards/A1a/63",
          "name": "Old Amber",
          "count": 2
        },
        {
          "type": "Trainer",
          "url": "https://pocket.limitlesstcg.com/cards/P-A/2",
          "name": "X Speed",
          "count": 2
        }
      ]
    },
    {
      "id": "eumesmo",
      "name": "Eumesmo",
      "placing": "11",
      "country": "BR",
      "decklist": [
        {
          "type": "Pok\u00e9mon",
          "url": "https://pocket.limitlesstcg.com/cards/A1a/17",
          "name": "Magikarp (A1a-17)",
          "count": 2
        },
        {
          "type": "Pok\u00e9mon",
          "url": "https://pocket.limitlesstcg.com/cards/A1a/18",
          "name": "Gyarados ex (A1a-18)",
          "count": 2
        },
        {
          "type": "Pok\u00e9mon",
          "url": "https://pocket.limitlesstcg.com/cards/A1/87",
          "name": "Froakie (A1-87)",
          "count": 2
        },
        {
          "type": "Pok\u00e9mon",
          "url": "https://pocket.limitlesstcg.com/cards/A1/88",
          "name": "Frogadier (A1-88)",
          "count": 2
        },
        {
          "type": "Pok\u00e9mon",
          "url": "https://pocket.limitlesstcg.com/cards/A1/89",
          "name": "Greninja (A1-89)",
          "count": 2
        },
        {
          "type": "Pok\u00e9mon",
          "url": "https://pocket.limitlesstcg.com/cards/A1a/56",
          "name": "Druddigon (A1a-56)",
          "count": 2
        },
        {
          "type": "Trainer",
          "url": "https://pocket.limitlesstcg.com/cards/A1/220",
          "name": "Misty",
          "count": 2
        },
        {
          "type": "Trainer",
          "url": "https://pocket.limitlesstcg.com/cards/P-A/7",
          "name": "Professor's Research",
          "count": 2
        },
        {
          "type": "Trainer",
          "url": "https://pocket.limitlesstcg.com/cards/A1a/68",
          "name": "Leaf",
          "count": 2
        },
        {
          "type": "Trainer",
          "url": "https://pocket.limitlesstcg.com/cards/P-A/5",
          "name": "Pok\u00e9 Ball",
          "count": 2
        }
      ]
    },
    {
      "id": "djangolivr3",
      "name": "djangolivr3",
      "placing": "12",
      "country": "BR",
      "decklist": [
        {
          "type": "Pok\u00e9mon",
          "url": "https://pocket.limitlesstcg.com/cards/A1/130",
          "name": "Ralts (A1-130)",
          "count": 2
        },
        {
          "type": "Pok\u00e9mon",
          "url": "https://pocket.limitlesstcg.com/cards/A1/131",
          "name": "Kirlia (A1-131)",
          "count": 2
        },
        {
          "type": "Pok\u00e9mon",
          "url": "https://pocket.limitlesstcg.com/cards/A1/132",
          "name": "Gardevoir (A1-132)",
          "count": 2
        },
        {
          "type": "Pok\u00e9mon",
          "url": "https://pocket.limitlesstcg.com/cards/A1/129",
          "name": "Mewtwo ex (A1-129)",
          "count": 2
        },
        {
          "type": "Pok\u00e9mon",
          "url": "https://pocket.limitlesstcg.com/cards/A1a/32",
          "name": "Mew ex (A1a-32)",
          "count": 1
        },
        {
          "type": "Trainer",
          "url": "https://pocket.limitlesstcg.com/cards/P-A/7",
          "name": "Professor's Research",
          "count": 2
        },
        {
          "type": "Trainer",
          "url": "https://pocket.limitlesstcg.com/cards/A1/225",
          "name": "Sabrina",
          "count": 1
        },
        {
          "type": "Trainer",
          "url": "https://pocket.limitlesstcg.com/cards/A1a/67",
          "name": "Blue",
          "count": 1
        },
        {
          "type": "Trainer",
          "url": "https://pocket.limitlesstcg.com/cards/A1a/68",
          "name": "Leaf",
          "count": 1
        },
        {
          "type": "Trainer",
          "url": "https://pocket.limitlesstcg.com/cards/P-A/2",
          "name": "X Speed",
          "count": 2
        },
        {
          "type": "Trainer",
          "url": "https://pocket.limitlesstcg.com/cards/P-A/5",
          "name": "Pok\u00e9 Ball",
          "count": 2
        },
        {
          "type": "Trainer",
          "url": "https://pocket.limitlesstcg.com/cards/A1a/65",
          "name": "Mythical Slab",
          "count": 2
        }
      ]
    },
    {
      "id": "vesguinho22",
      "name": "vesguinho22",
      "placing": "13",
      "country": "US",
      "decklist": [
        {
          "type": "Pok\u00e9mon",
          "url": "https://pocket.limitlesstcg.com/cards/A1a/57",
          "name": "Pidgey (A1a-57)",
          "count": 2
        },
        {
          "type": "Pok\u00e9mon",
          "url": "https://pocket.limitlesstcg.com/cards/A1/187",
          "name": "Pidgeotto (A1-187)",
          "count": 2
        },
        {
          "type": "Pok\u00e9mon",
          "url": "https://pocket.limitlesstcg.com/cards/A1/188",
          "name": "Pidgeot (A1-188)",
          "count": 2
        },
        {
          "type": "Pok\u00e9mon",
          "url": "https://pocket.limitlesstcg.com/cards/A1/87",
          "name": "Froakie (A1-87)",
          "count": 2
        },
        {
          "type": "Pok\u00e9mon",
          "url": "https://pocket.limitlesstcg.com/cards/A1/88",
          "name": "Frogadier (A1-88)",
          "count": 2
        },
        {
          "type": "Pok\u00e9mon",
          "url": "https://pocket.limitlesstcg.com/cards/A1/89",
          "name": "Greninja (A1-89)",
          "count": 2
        },
        {
          "type": "Pok\u00e9mon",
          "url": "https://pocket.limitlesstcg.com/cards/A1a/56",
          "name": "Druddigon (A1a-56)",
          "count": 2
        },
        {
          "type": "Trainer",
          "url": "https://pocket.limitlesstcg.com/cards/P-A/7",
          "name": "Professor's Research",
          "count": 2
        },
        {
          "type": "Trainer",
          "url": "https://pocket.limitlesstcg.com/cards/P-A/5",
          "name": "Pok\u00e9 Ball",
          "count": 2
        },
        {
          "type": "Trainer",
          "url": "https://pocket.limitlesstcg.com/cards/P-A/6",
          "name": "Red Card",
          "count": 1
        },
        {
          "type": "Trainer",
          "url": "https://pocket.limitlesstcg.com/cards/P-A/1",
          "name": "Potion",
          "count": 1
        }
      ]
    },
    {
      "id": "dust",
      "name": "Dust",
      "placing": "14",
      "country": "BR",
      "decklist": [
        {
          "type": "Pok\u00e9mon",
          "url": "https://pocket.limitlesstcg.com/cards/A1/105",
          "name": "Blitzle (A1-105)",
          "count": 2
        },
        {
          "type": "Pok\u00e9mon",
          "url": "https://pocket.limitlesstcg.com/cards/A1/106",
          "name": "Zebstrika (A1-106)",
          "count": 2
        },
        {
          "type": "Pok\u00e9mon",
          "url": "https://pocket.limitlesstcg.com/cards/A1/96",
          "name": "Pikachu ex (A1-96)",
          "count": 2
        },
        {
          "type": "Pok\u00e9mon",
          "url": "https://pocket.limitlesstcg.com/cards/A1/104",
          "name": "Zapdos ex (A1-104)",
          "count": 2
        },
        {
          "type": "Pok\u00e9mon",
          "url": "https://pocket.limitlesstcg.com/cards/A1a/30",
          "name": "Dedenne (A1a-30)",
          "count": 1
        },
        {
          "type": "Trainer",
          "url": "https://pocket.limitlesstcg.com/cards/A1/225",
          "name": "Sabrina",
          "count": 2
        },
        {
          "type": "Trainer",
          "url": "https://pocket.limitlesstcg.com/cards/P-A/7",
          "name": "Professor's Research",
          "count": 2
        },
        {
          "type": "Trainer",
          "url": "https://pocket.limitlesstcg.com/cards/A1/223",
          "name": "Giovanni",
          "count": 1
        },
        {
          "type": "Trainer",
          "url": "https://pocket.limitlesstcg.com/cards/A1a/67",
          "name": "Blue",
          "count": 1
        },
        {
          "type": "Trainer",
          "url": "https://pocket.limitlesstcg.com/cards/P-A/5",
          "name": "Pok\u00e9 Ball",
          "count": 2
        },
        {
          "type": "Trainer",
          "url": "https://pocket.limitlesstcg.com/cards/P-A/2",
          "name": "X Speed",
          "count": 2
        },
        {
          "type": "Trainer",
          "url": "https://pocket.limitlesstcg.com/cards/P-A/1",
          "name": "Potion",
          "count": 1
        }
      ]
    },
    {
      "id": "rody",
      "name": "Rody",
      "placing": "15",
      "country": "BR",
      "decklist": [
        {
          "type": "Pok\u00e9mon",
          "url": "https://pocket.limitlesstcg.com/cards/A1/39",
          "name": "Growlithe (A1-39)",
          "count": 2
        },
        {
          "type": "Pok\u00e9mon",
          "url": "https://pocket.limitlesstcg.com/cards/A1/41",
          "name": "Arcanine ex (A1-41)",
          "count": 2
        },
        {
          "type": "Pok\u00e9mon",
          "url": "https://pocket.limitlesstcg.com/cards/A1/47",
          "name": "Moltres ex (A1-47)",
          "count": 2
        },
        {
          "type": "Pok\u00e9mon",
          "url": "https://pocket.limitlesstcg.com/cards/A1a/32",
          "name": "Mew ex (A1a-32)",
          "count": 1
        },
        {
          "type": "Trainer",
          "url": "https://pocket.limitlesstcg.com/cards/P-A/7",
          "name": "Professor's Research",
          "count": 2
        },
        {
          "type": "Trainer",
          "url": "https://pocket.limitlesstcg.com/cards/A1/225",
          "name": "Sabrina",
          "count": 2
        },
        {
          "type": "Trainer",
          "url": "https://pocket.limitlesstcg.com/cards/A1a/68",
          "name": "Leaf",
          "count": 1
        },
        {
          "type": "Trainer",
          "url": "https://pocket.limitlesstcg.com/cards/A1/223",
          "name": "Giovanni",
          "count": 1
        },
        {
          "type": "Trainer",
          "url": "https://pocket.limitlesstcg.com/cards/P-A/5",
          "name": "Pok\u00e9 Ball",
          "count": 2
        },
        {
          "type": "Trainer",
          "url": "https://pocket.limitlesstcg.com/cards/P-A/2",
          "name": "X Speed",
          "count": 2
        },
        {
          "type": "Trainer",
          "url": "https://pocket.limitlesstcg.com/cards/P-A/1",
          "name": "Potion",
          "count": 2
        },
        {
          "type": "Trainer",
          "url": "https://pocket.limitlesstcg.com/cards/P-A/6",
          "name": "Red Card",
          "count": 1
        }
      ]
    },
    {
      "id": "k1zams",
      "name": "K1zams",
      "placing": "16",
      "country": "BR",
      "decklist": [
        {
          "type": "Pok\u00e9mon",
          "url": "https://pocket.limitlesstcg.com/cards/A1a/4",
          "name": "Snivy (A1a-4)",
          "count": 2
        },
        {
          "type": "Pok\u00e9mon",
          "url": "https://pocket.limitlesstcg.com/cards/A1a/5",
          "name": "Servine (A1a-5)",
          "count": 2
        },
        {
          "type": "Pok\u00e9mon",
          "url": "https://pocket.limitlesstcg.com/cards/A1a/6",
          "name": "Serperior (A1a-6)",
          "count": 2
        },
        {
          "type": "Pok\u00e9mon",
          "url": "https://pocket.limitlesstcg.com/cards/A1a/3",
          "name": "Celebi ex (A1a-3)",
          "count": 2
        },
        {
          "type": "Pok\u00e9mon",
          "url": "https://pocket.limitlesstcg.com/cards/A1a/9",
          "name": "Dhelmise (A1a-9)",
          "count": 2
        },
        {
          "type": "Trainer",
          "url": "https://pocket.limitlesstcg.com/cards/P-A/7",
          "name": "Professor's Research",
          "count": 2
        },
        {
          "type": "Trainer",
          "url": "https://pocket.limitlesstcg.com/cards/A1/219",
          "name": "Erika",
          "count": 2
        },
        {
          "type": "Trainer",
          "url": "https://pocket.limitlesstcg.com/cards/A1a/68",
          "name": "Leaf",
          "count": 2
        },
        {
          "type": "Trainer",
          "url": "https://pocket.limitlesstcg.com/cards/A1/225",
          "name": "Sabrina",
          "count": 1
        },
        {
          "type": "Trainer",
          "url": "https://pocket.limitlesstcg.com/cards/P-A/5",
          "name": "Pok\u00e9 Ball",
          "count": 2
        },
        {
          "type": "Trainer",
          "url": "https://pocket.limitlesstcg.com/cards/P-A/1",
          "name": "Potion",
          "count": 1
        }
      ]
    },
    {
      "id": "ikaru",
      "name": "iKaru",
      "placing": "17",
      "country": "BR",
      "decklist": [
        {
          "type": "Pok\u00e9mon",
          "url": "https://pocket.limitlesstcg.com/cards/A1a/4",
          "name": "Snivy (A1a-4)",
          "count": 2
        },
        {
          "type": "Pok\u00e9mon",
          "url": "https://pocket.limitlesstcg.com/cards/A1a/5",
          "name": "Servine (A1a-5)",
          "count": 2
        },
        {
          "type": "Pok\u00e9mon",
          "url": "https://pocket.limitlesstcg.com/cards/A1a/6",
          "name": "Serperior (A1a-6)",
          "count": 2
        },
        {
          "type": "Pok\u00e9mon",
          "url": "https://pocket.limitlesstcg.com/cards/A1/21",
          "name": "Exeggcute (A1-21)",
          "count": 2
        },
        {
          "type": "Pok\u00e9mon",
          "url": "https://pocket.limitlesstcg.com/cards/A1/23",
          "name": "Exeggutor ex (A1-23)",
          "count": 2
        },
        {
          "type": "Pok\u00e9mon",
          "url": "https://pocket.limitlesstcg.com/cards/A1a/3",
          "name": "Celebi ex (A1a-3)",
          "count": 2
        },
        {
          "type": "Trainer",
          "url": "https://pocket.limitlesstcg.com/cards/P-A/7",
          "name": "Professor's Research",
          "count": 2
        },
        {
          "type": "Trainer",
          "url": "https://pocket.limitlesstcg.com/cards/A1/219",
          "name": "Erika",
          "count": 2
        },
        {
          "type": "Trainer",
          "url": "https://pocket.limitlesstcg.com/cards/A1/225",
          "name": "Sabrina",
          "count": 1
        },
        {
          "type": "Trainer",
          "url": "https://pocket.limitlesstcg.com/cards/P-A/5",
          "name": "Pok\u00e9 Ball",
          "count": 2
        },
        {
          "type": "Trainer",
          "url": "https://pocket.limitlesstcg.com/cards/P-A/2",
          "name": "X Speed",
          "count": 1
        }
      ]
    },
    {
      "id": "graviton",
      "name": "Graviton",
      "placing": "18",
      "country": "BR",
      "decklist": [
        {
          "type": "Pok\u00e9mon",
          "url": "https://pocket.limitlesstcg.com/cards/A1/87",
          "name": "Froakie (A1-87)",
          "count": 2
        },
        {
          "type": "Pok\u00e9mon",
          "url": "https://pocket.limitlesstcg.com/cards/A1/88",
          "name": "Frogadier (A1-88)",
          "count": 2
        },
        {
          "type": "Pok\u00e9mon",
          "url": "https://pocket.limitlesstcg.com/cards/A1/89",
          "name": "Greninja (A1-89)",
          "count": 2
        },
        {
          "type": "Pok\u00e9mon",
          "url": "https://pocket.limitlesstcg.com/cards/A1a/17",
          "name": "Magikarp (A1a-17)",
          "count": 2
        },
        {
          "type": "Pok\u00e9mon",
          "url": "https://pocket.limitlesstcg.com/cards/A1a/18",
          "name": "Gyarados ex (A1a-18)",
          "count": 2
        },
        {
          "type": "Pok\u00e9mon",
          "url": "https://pocket.limitlesstcg.com/cards/A1a/56",
          "name": "Druddigon (A1a-56)",
          "count": 2
        },
        {
          "type": "Trainer",
          "url": "https://pocket.limitlesstcg.com/cards/P-A/7",
          "name": "Professor's Research",
          "count": 2
        },
        {
          "type": "Trainer",
          "url": "https://pocket.limitlesstcg.com/cards/A1/220",
          "name": "Misty",
          "count": 2
        },
        {
          "type": "Trainer",
          "url": "https://pocket.limitlesstcg.com/cards/A1a/68",
          "name": "Leaf",
          "count": 2
        },
        {
          "type": "Trainer",
          "url": "https://pocket.limitlesstcg.com/cards/P-A/5",
          "name": "Pok\u00e9 Ball",
          "count": 2
        }
      ]
    },
    {
      "id": "hypedpuffer",
      "name": "HypedPuffer",
      "placing": "19",
      "country": "BR",
      "decklist": [
        {
          "type": "Pok\u00e9mon",
          "url": "https://pocket.limitlesstcg.com/cards/A1/130",
          "name": "Ralts (A1-130)",
          "count": 2
        },
        {
          "type": "Pok\u00e9mon",
          "url": "https://pocket.limitlesstcg.com/cards/A1/131",
          "name": "Kirlia (A1-131)",
          "count": 2
        },
        {
          "type": "Pok\u00e9mon",
          "url": "https://pocket.limitlesstcg.com/cards/A1/132",
          "name": "Gardevoir (A1-132)",
          "count": 2
        },
        {
          "type": "Pok\u00e9mon",
          "url": "https://pocket.limitlesstcg.com/cards/A1/129",
          "name": "Mewtwo ex (A1-129)",
          "count": 2
        },
        {
          "type": "Pok\u00e9mon",
          "url": "https://pocket.limitlesstcg.com/cards/A1a/32",
          "name": "Mew ex (A1a-32)",
          "count": 1
        },
        {
          "type": "Trainer",
          "url": "https://pocket.limitlesstcg.com/cards/A1a/68",
          "name": "Leaf",
          "count": 2
        },
        {
          "type": "Trainer",
          "url": "https://pocket.limitlesstcg.com/cards/P-A/7",
          "name": "Professor's Research",
          "count": 2
        },
        {
          "type": "Trainer",
          "url": "https://pocket.limitlesstcg.com/cards/A1/223",
          "name": "Giovanni",
          "count": 1
        },
        {
          "type": "Trainer",
          "url": "https://pocket.limitlesstcg.com/cards/A1/225",
          "name": "Sabrina",
          "count": 1
        },
        {
          "type": "Trainer",
          "url": "https://pocket.limitlesstcg.com/cards/A1a/67",
          "name": "Blue",
          "count": 1
        },
        {
          "type": "Trainer",
          "url": "https://pocket.limitlesstcg.com/cards/A1a/65",
          "name": "Mythical Slab",
          "count": 2
        },
        {
          "type": "Trainer",
          "url": "https://pocket.limitlesstcg.com/cards/P-A/5",
          "name": "Pok\u00e9 Ball",
          "count": 2
        }
      ]
    },
    {
      "id": "rafinhagod",
      "name": "rafinhagod",
      "placing": "20",
      "country": "BR",
      "decklist": [
        {
          "type": "Pok\u00e9mon",
          "url": "https://pocket.limitlesstcg.com/cards/A1/130",
          "name": "Ralts (A1-130)",
          "count": 2
        },
        {
          "type": "Pok\u00e9mon",
          "url": "https://pocket.limitlesstcg.com/cards/A1/131",
          "name": "Kirlia (A1-131)",
          "count": 2
        },
        {
          "type": "Pok\u00e9mon",
          "url": "https://pocket.limitlesstcg.com/cards/A1/132",
          "name": "Gardevoir (A1-132)",
          "count": 2
        },
        {
          "type": "Pok\u00e9mon",
          "url": "https://pocket.limitlesstcg.com/cards/A1a/32",
          "name": "Mew ex (A1a-32)",
          "count": 2
        },
        {
          "type": "Pok\u00e9mon",
          "url": "https://pocket.limitlesstcg.com/cards/A1/129",
          "name": "Mewtwo ex (A1-129)",
          "count": 2
        },
        {
          "type": "Trainer",
          "url": "https://pocket.limitlesstcg.com/cards/P-A/7",
          "name": "Professor's Research",
          "count": 2
        },
        {
          "type": "Trainer",
          "url": "https://pocket.limitlesstcg.com/cards/A1a/68",
          "name": "Leaf",
          "count": 2
        },
        {
          "type": "Trainer",
          "url": "https://pocket.limitlesstcg.com/cards/A1a/66",
          "name": "Budding Expeditioner",
          "count": 1
        },
        {
          "type": "Trainer",
          "url": "https://pocket.limitlesstcg.com/cards/A1/225",
          "name": "Sabrina",
          "count": 1
        },
        {
          "type": "Trainer",
          "url": "https://pocket.limitlesstcg.com/cards/P-A/5",
          "name": "Pok\u00e9 Ball",
          "count": 2
        },
        {
          "type": "Trainer",
          "url": "https://pocket.limitlesstcg.com/cards/A1a/65",
          "name": "Mythical Slab",
          "count": 2
        }
      ]
    },
    {
      "id": "darleysantana",
      "name": "darleysantana",
      "placing": "21",
      "country": "BR",
      "decklist": [
        {
          "type": "Pok\u00e9mon",
          "url": "https://pocket.limitlesstcg.com/cards/A1/130",
          "name": "Ralts (A1-130)",
          "count": 2
        },
        {
          "type": "Pok\u00e9mon",
          "url": "https://pocket.limitlesstcg.com/cards/A1/131",
          "name": "Kirlia (A1-131)",
          "count": 2
        },
        {
          "type": "Pok\u00e9mon",
          "url": "https://pocket.limitlesstcg.com/cards/A1/132",
          "name": "Gardevoir (A1-132)",
          "count": 2
        },
        {
          "type": "Pok\u00e9mon",
          "url": "https://pocket.limitlesstcg.com/cards/A1/129",
          "name": "Mewtwo ex (A1-129)",
          "count": 2
        },
        {
          "type": "Pok\u00e9mon",
          "url": "https://pocket.limitlesstcg.com/cards/A1a/33",
          "name": "Sigilyph (A1a-33)",
          "count": 2
        },
        {
          "type": "Pok\u00e9mon",
          "url": "https://pocket.limitlesstcg.com/cards/A1a/32",
          "name": "Mew ex (A1a-32)",
          "count": 1
        },
        {
          "type": "Trainer",
          "url": "https://pocket.limitlesstcg.com/cards/P-A/7",
          "name": "Professor's Research",
          "count": 2
        },
        {
          "type": "Trainer",
          "url": "https://pocket.limitlesstcg.com/cards/A1/223",
          "name": "Giovanni",
          "count": 2
        },
        {
          "type": "Trainer",
          "url": "https://pocket.limitlesstcg.com/cards/A1/225",
          "name": "Sabrina",
          "count": 1
        },
        {
          "type": "Trainer",
          "url": "https://pocket.limitlesstcg.com/cards/A1a/66",
          "name": "Budding Expeditioner",
          "count": 1
        },
        {
          "type": "Trainer",
          "url": "https://pocket.limitlesstcg.com/cards/P-A/5",
          "name": "Pok\u00e9 Ball",
          "count": 2
        },
        {
          "type": "Trainer",
          "url": "https://pocket.limitlesstcg.com/cards/P-A/6",
          "name": "Red Card",
          "count": 1
        }
      ]
    },
    {
      "id": "ronin92",
      "name": "Ronin92",
      "placing": "22",
      "country": "BR",
      "decklist": [
        {
          "type": "Pok\u00e9mon",
          "url": "https://pocket.limitlesstcg.com/cards/A1/130",
          "name": "Ralts (A1-130)",
          "count": 2
        },
        {
          "type": "Pok\u00e9mon",
          "url": "https://pocket.limitlesstcg.com/cards/A1/131",
          "name": "Kirlia (A1-131)",
          "count": 2
        },
        {
          "type": "Pok\u00e9mon",
          "url": "https://pocket.limitlesstcg.com/cards/A1/132",
          "name": "Gardevoir (A1-132)",
          "count": 2
        },
        {
          "type": "Pok\u00e9mon",
          "url": "https://pocket.limitlesstcg.com/cards/A1/129",
          "name": "Mewtwo ex (A1-129)",
          "count": 2
        },
        {
          "type": "Pok\u00e9mon",
          "url": "https://pocket.limitlesstcg.com/cards/A1a/32",
          "name": "Mew ex (A1a-32)",
          "count": 1
        },
        {
          "type": "Trainer",
          "url": "https://pocket.limitlesstcg.com/cards/P-A/7",
          "name": "Professor's Research",
          "count": 2
        },
        {
          "type": "Trainer",
          "url": "https://pocket.limitlesstcg.com/cards/A1a/67",
          "name": "Blue",
          "count": 1
        },
        {
          "type": "Trainer",
          "url": "https://pocket.limitlesstcg.com/cards/A1a/68",
          "name": "Leaf",
          "count": 1
        },
        {
          "type": "Trainer",
          "url": "https://pocket.limitlesstcg.com/cards/A1/225",
          "name": "Sabrina",
          "count": 1
        },
        {
          "type": "Trainer",
          "url": "https://pocket.limitlesstcg.com/cards/A1a/65",
          "name": "Mythical Slab",
          "count": 2
        },
        {
          "type": "Trainer",
          "url": "https://pocket.limitlesstcg.com/cards/P-A/5",
          "name": "Pok\u00e9 Ball",
          "count": 2
        },
        {
          "type": "Trainer",
          "url": "https://pocket.limitlesstcg.com/cards/P-A/2",
          "name": "X Speed",
          "count": 2
        }
      ]
    },
    {
      "id": "comatosis",
      "name": "Comatosis",
      "placing": "23",
      "country": "BR",
      "decklist": [
        {
          "type": "Pok\u00e9mon",
          "url": "https://pocket.limitlesstcg.com/cards/A1/130",
          "name": "Ralts (A1-130)",
          "count": 2
        },
        {
          "type": "Pok\u00e9mon",
          "url": "https://pocket.limitlesstcg.com/cards/A1/131",
          "name": "Kirlia (A1-131)",
          "count": 2
        },
        {
          "type": "Pok\u00e9mon",
          "url": "https://pocket.limitlesstcg.com/cards/A1/132",
          "name": "Gardevoir (A1-132)",
          "count": 2
        },
        {
          "type": "Pok\u00e9mon",
          "url": "https://pocket.limitlesstcg.com/cards/A1/129",
          "name": "Mewtwo ex (A1-129)",
          "count": 2
        },
        {
          "type": "Pok\u00e9mon",
          "url": "https://pocket.limitlesstcg.com/cards/A1a/32",
          "name": "Mew ex (A1a-32)",
          "count": 1
        },
        {
          "type": "Trainer",
          "url": "https://pocket.limitlesstcg.com/cards/A1/225",
          "name": "Sabrina",
          "count": 2
        },
        {
          "type": "Trainer",
          "url": "https://pocket.limitlesstcg.com/cards/P-A/7",
          "name": "Professor's Research",
          "count": 2
        },
        {
          "type": "Trainer",
          "url": "https://pocket.limitlesstcg.com/cards/A1a/67",
          "name": "Blue",
          "count": 1
        },
        {
          "type": "Trainer",
          "url": "https://pocket.limitlesstcg.com/cards/A1a/68",
          "name": "Leaf",
          "count": 1
        },
        {
          "type": "Trainer",
          "url": "https://pocket.limitlesstcg.com/cards/A1/223",
          "name": "Giovanni",
          "count": 1
        },
        {
          "type": "Trainer",
          "url": "https://pocket.limitlesstcg.com/cards/P-A/5",
          "name": "Pok\u00e9 Ball",
          "count": 2
        },
        {
          "type": "Trainer",
          "url": "https://pocket.limitlesstcg.com/cards/P-A/1",
          "name": "Potion",
          "count": 2
        }
      ]
    },
    {
      "id": "dougz92",
      "name": "Dougz92",
      "placing": "24",
      "country": "BR",
      "decklist": [
        {
          "type": "Pok\u00e9mon",
          "url": "https://pocket.limitlesstcg.com/cards/A1/105",
          "name": "Blitzle (A1-105)",
          "count": 2
        },
        {
          "type": "Pok\u00e9mon",
          "url": "https://pocket.limitlesstcg.com/cards/A1/106",
          "name": "Zebstrika (A1-106)",
          "count": 2
        },
        {
          "type": "Pok\u00e9mon",
          "url": "https://pocket.limitlesstcg.com/cards/A1/96",
          "name": "Pikachu ex (A1-96)",
          "count": 2
        },
        {
          "type": "Pok\u00e9mon",
          "url": "https://pocket.limitlesstcg.com/cards/A1/104",
          "name": "Zapdos ex (A1-104)",
          "count": 2
        },
        {
          "type": "Pok\u00e9mon",
          "url": "https://pocket.limitlesstcg.com/cards/A1a/30",
          "name": "Dedenne (A1a-30)",
          "count": 1
        },
        {
          "type": "Trainer",
          "url": "https://pocket.limitlesstcg.com/cards/A1/225",
          "name": "Sabrina",
          "count": 2
        },
        {
          "type": "Trainer",
          "url": "https://pocket.limitlesstcg.com/cards/A1/223",
          "name": "Giovanni",
          "count": 2
        },
        {
          "type": "Trainer",
          "url": "https://pocket.limitlesstcg.com/cards/P-A/7",
          "name": "Professor's Research",
          "count": 2
        },
        {
          "type": "Trainer",
          "url": "https://pocket.limitlesstcg.com/cards/P-A/5",
          "name": "Pok\u00e9 Ball",
          "count": 2
        },
        {
          "type": "Trainer",
          "url": "https://pocket.limitlesstcg.com/cards/P-A/2",
          "name": "X Speed",
          "count": 2
        },
        {
          "type": "Trainer",
          "url": "https://pocket.limitlesstcg.com/cards/P-A/1",
          "name": "Potion",
          "count": 1
        }
      ]
    },
    {
      "id": "nyhttz",
      "name": "Nyhttz",
      "placing": "25",
      "country": "BR",
      "decklist": [
        {
          "type": "Pok\u00e9mon",
          "url": "https://pocket.limitlesstcg.com/cards/A1a/25",
          "name": "Pikachu (A1a-25)",
          "count": 2
        },
        {
          "type": "Pok\u00e9mon",
          "url": "https://pocket.limitlesstcg.com/cards/A1/95",
          "name": "Raichu (A1-95)",
          "count": 2
        },
        {
          "type": "Pok\u00e9mon",
          "url": "https://pocket.limitlesstcg.com/cards/A1a/27",
          "name": "Electabuzz (A1a-27)",
          "count": 2
        },
        {
          "type": "Pok\u00e9mon",
          "url": "https://pocket.limitlesstcg.com/cards/A1/96",
          "name": "Pikachu ex (A1-96)",
          "count": 2
        },
        {
          "type": "Pok\u00e9mon",
          "url": "https://pocket.limitlesstcg.com/cards/A1a/30",
          "name": "Dedenne (A1a-30)",
          "count": 1
        },
        {
          "type": "Trainer",
          "url": "https://pocket.limitlesstcg.com/cards/P-A/7",
          "name": "Professor's Research",
          "count": 2
        },
        {
          "type": "Trainer",
          "url": "https://pocket.limitlesstcg.com/cards/A1/225",
          "name": "Sabrina",
          "count": 2
        },
        {
          "type": "Trainer",
          "url": "https://pocket.limitlesstcg.com/cards/A1/226",
          "name": "Lt. Surge",
          "count": 2
        },
        {
          "type": "Trainer",
          "url": "https://pocket.limitlesstcg.com/cards/A1/223",
          "name": "Giovanni",
          "count": 1
        },
        {
          "type": "Trainer",
          "url": "https://pocket.limitlesstcg.com/cards/P-A/2",
          "name": "X Speed",
          "count": 2
        },
        {
          "type": "Trainer",
          "url": "https://pocket.limitlesstcg.com/cards/P-A/5",
          "name": "Pok\u00e9 Ball",
          "count": 2
        }
      ]
    },
    {
      "id": "tkmagnequitorx1",
      "name": "tkmagnequitorx1",
      "placing": "26",
      "country": "BR",
      "decklist": [
        {
          "type": "Pok\u00e9mon",
          "url": "https://pocket.limitlesstcg.com/cards/A1/115",
          "name": "Abra (A1-115)",
          "count": 2
        },
        {
          "type": "Pok\u00e9mon",
          "url": "https://pocket.limitlesstcg.com/cards/A1/116",
          "name": "Kadabra (A1-116)",
          "count": 2
        },
        {
          "type": "Pok\u00e9mon",
          "url": "https://pocket.limitlesstcg.com/cards/A1/117",
          "name": "Alakazam (A1-117)",
          "count": 2
        },
        {
          "type": "Pok\u00e9mon",
          "url": "https://pocket.limitlesstcg.com/cards/A1a/34",
          "name": "Elgyem (A1a-34)",
          "count": 2
        },
        {
          "type": "Pok\u00e9mon",
          "url": "https://pocket.limitlesstcg.com/cards/A1a/35",
          "name": "Beheeyem (A1a-35)",
          "count": 2
        },
        {
          "type": "Pok\u00e9mon",
          "url": "https://pocket.limitlesstcg.com/cards/A1a/33",
          "name": "Sigilyph (A1a-33)",
          "count": 1
        },
        {
          "type": "Trainer",
          "url": "https://pocket.limitlesstcg.com/cards/P-A/7",
          "name": "Professor's Research",
          "count": 2
        },
        {
          "type": "Trainer",
          "url": "https://pocket.limitlesstcg.com/cards/A1/225",
          "name": "Sabrina",
          "count": 2
        },
        {
          "type": "Trainer",
          "url": "https://pocket.limitlesstcg.com/cards/P-A/5",
          "name": "Pok\u00e9 Ball",
          "count": 2
        },
        {
          "type": "Trainer",
          "url": "https://pocket.limitlesstcg.com/cards/A1a/65",
          "name": "Mythical Slab",
          "count": 2
        },
        {
          "type": "Trainer",
          "url": "https://pocket.limitlesstcg.com/cards/A1a/64",
          "name": "Pok\u00e9mon Flute",
          "count": 1
        }
      ]
    },
    {
      "id": "augusto987",
      "name": "Augusto987",
      "placing": "27",
      "country": "BR",
      "decklist": [
        {
          "type": "Pok\u00e9mon",
          "url": "https://pocket.limitlesstcg.com/cards/A1a/17",
          "name": "Magikarp (A1a-17)",
          "count": 2
        },
        {
          "type": "Pok\u00e9mon",
          "url": "https://pocket.limitlesstcg.com/cards/A1a/18",
          "name": "Gyarados ex (A1a-18)",
          "count": 2
        },
        {
          "type": "Pok\u00e9mon",
          "url": "https://pocket.limitlesstcg.com/cards/A1/87",
          "name": "Froakie (A1-87)",
          "count": 2
        },
        {
          "type": "Pok\u00e9mon",
          "url": "https://pocket.limitlesstcg.com/cards/A1/88",
          "name": "Frogadier (A1-88)",
          "count": 2
        },
        {
          "type": "Pok\u00e9mon",
          "url": "https://pocket.limitlesstcg.com/cards/A1/89",
          "name": "Greninja (A1-89)",
          "count": 2
        },
        {
          "type": "Pok\u00e9mon",
          "url": "https://pocket.limitlesstcg.com/cards/A1a/56",
          "name": "Druddigon (A1a-56)",
          "count": 2
        },
        {
          "type": "Trainer",
          "url": "https://pocket.limitlesstcg.com/cards/A1a/68",
          "name": "Leaf",
          "count": 2
        },
        {
          "type": "Trainer",
          "url": "https://pocket.limitlesstcg.com/cards/A1/220",
          "name": "Misty",
          "count": 2
        },
        {
          "type": "Trainer",
          "url": "https://pocket.limitlesstcg.com/cards/P-A/7",
          "name": "Professor's Research",
          "count": 2
        },
        {
          "type": "Trainer",
          "url": "https://pocket.limitlesstcg.com/cards/P-A/5",
          "name": "Pok\u00e9 Ball",
          "count": 2
        }
      ]
    },
    {
      "id": "trit100",
      "name": "Trit100",
      "placing": -1,
      "country": "BR",
      "decklist": [
        {
          "type": "Pok\u00e9mon",
          "url": "https://pocket.limitlesstcg.com/cards/A1/105",
          "name": "Blitzle (A1-105)",
          "count": 2
        },
        {
          "type": "Pok\u00e9mon",
          "url": "https://pocket.limitlesstcg.com/cards/A1/106",
          "name": "Zebstrika (A1-106)",
          "count": 2
        },
        {
          "type": "Pok\u00e9mon",
          "url": "https://pocket.limitlesstcg.com/cards/A1/96",
          "name": "Pikachu ex (A1-96)",
          "count": 2
        },
        {
          "type": "Pok\u00e9mon",
          "url": "https://pocket.limitlesstcg.com/cards/A1/104",
          "name": "Zapdos ex (A1-104)",
          "count": 2
        },
        {
          "type": "Pok\u00e9mon",
          "url": "https://pocket.limitlesstcg.com/cards/A1a/30",
          "name": "Dedenne (A1a-30)",
          "count": 1
        },
        {
          "type": "Trainer",
          "url": "https://pocket.limitlesstcg.com/cards/A1/225",
          "name": "Sabrina",
          "count": 2
        },
        {
          "type": "Trainer",
          "url": "https://pocket.limitlesstcg.com/cards/P-A/7",
          "name": "Professor's Research",
          "count": 2
        },
        {
          "type": "Trainer",
          "url": "https://pocket.limitlesstcg.com/cards/A1/223",
          "name": "Giovanni",
          "count": 1
        },
        {
          "type": "Trainer",
          "url": "https://pocket.limitlesstcg.com/cards/A1a/67",
          "name": "Blue",
          "count": 1
        },
        {
          "type": "Trainer",
          "url": "https://pocket.limitlesstcg.com/cards/A1a/68",
          "name": "Leaf",
          "count": 1
        },
        {
          "type": "Trainer",
          "url": "https://pocket.limitlesstcg.com/cards/P-A/5",
          "name": "Pok\u00e9 Ball",
          "count": 2
        },
        {
          "type": "Trainer",
          "url": "https://pocket.limitlesstcg.com/cards/P-A/2",
          "name": "X Speed",
          "count": 2
        }
      ]
    },
    {
      "id": "darthpizzius",
      "name": "DarthPizzius",
      "placing": -1,
      "country": "BR",
      "decklist": [
        {
          "type": "Pok\u00e9mon",
          "url": "https://pocket.limitlesstcg.com/cards/A1/147",
          "name": "Geodude (A1-147)",
          "count": 2
        },
        {
          "type": "Pok\u00e9mon",
          "url": "https://pocket.limitlesstcg.com/cards/A1a/44",
          "name": "Graveler (A1a-44)",
          "count": 2
        },
        {
          "type": "Pok\u00e9mon",
          "url": "https://pocket.limitlesstcg.com/cards/A1a/45",
          "name": "Golem (A1a-45)",
          "count": 2
        },
        {
          "type": "Pok\u00e9mon",
          "url": "https://pocket.limitlesstcg.com/cards/A1a/56",
          "name": "Druddigon (A1a-56)",
          "count": 2
        },
        {
          "type": "Pok\u00e9mon",
          "url": "https://pocket.limitlesstcg.com/cards/A1a/47",
          "name": "Marshadow (A1a-47)",
          "count": 1
        },
        {
          "type": "Pok\u00e9mon",
          "url": "https://pocket.limitlesstcg.com/cards/A1/154",
          "name": "Hitmonlee (A1-154)",
          "count": 1
        },
        {
          "type": "Trainer",
          "url": "https://pocket.limitlesstcg.com/cards/A1/224",
          "name": "Brock",
          "count": 2
        },
        {
          "type": "Trainer",
          "url": "https://pocket.limitlesstcg.com/cards/P-A/7",
          "name": "Professor's Research",
          "count": 2
        },
        {
          "type": "Trainer",
          "url": "https://pocket.limitlesstcg.com/cards/A1a/68",
          "name": "Leaf",
          "count": 1
        },
        {
          "type": "Trainer",
          "url": "https://pocket.limitlesstcg.com/cards/A1/225",
          "name": "Sabrina",
          "count": 1
        },
        {
          "type": "Trainer",
          "url": "https://pocket.limitlesstcg.com/cards/P-A/5",
          "name": "Pok\u00e9 Ball",
          "count": 2
        },
        {
          "type": "Trainer",
          "url": "https://pocket.limitlesstcg.com/cards/P-A/2",
          "name": "X Speed",
          "count": 2
        }
      ]
    },
    {
      "id": "newka",
      "name": "Newka",
      "placing": -1,
      "country": "BR",
      "decklist": [
        {
          "type": "Pok\u00e9mon",
          "url": "https://pocket.limitlesstcg.com/cards/A1a/43",
          "name": "Geodude (A1a-43)",
          "count": 2
        },
        {
          "type": "Pok\u00e9mon",
          "url": "https://pocket.limitlesstcg.com/cards/A1a/44",
          "name": "Graveler (A1a-44)",
          "count": 2
        },
        {
          "type": "Pok\u00e9mon",
          "url": "https://pocket.limitlesstcg.com/cards/A1a/45",
          "name": "Golem (A1a-45)",
          "count": 2
        },
        {
          "type": "Pok\u00e9mon",
          "url": "https://pocket.limitlesstcg.com/cards/A1a/56",
          "name": "Druddigon (A1a-56)",
          "count": 1
        },
        {
          "type": "Pok\u00e9mon",
          "url": "https://pocket.limitlesstcg.com/cards/A1a/47",
          "name": "Marshadow (A1a-47)",
          "count": 1
        },
        {
          "type": "Pok\u00e9mon",
          "url": "https://pocket.limitlesstcg.com/cards/A1/154",
          "name": "Hitmonlee (A1-154)",
          "count": 1
        },
        {
          "type": "Trainer",
          "url": "https://pocket.limitlesstcg.com/cards/P-A/7",
          "name": "Professor's Research",
          "count": 2
        },
        {
          "type": "Trainer",
          "url": "https://pocket.limitlesstcg.com/cards/A1a/68",
          "name": "Leaf",
          "count": 2
        },
        {
          "type": "Trainer",
          "url": "https://pocket.limitlesstcg.com/cards/A1/224",
          "name": "Brock",
          "count": 2
        },
        {
          "type": "Trainer",
          "url": "https://pocket.limitlesstcg.com/cards/A1/223",
          "name": "Giovanni",
          "count": 1
        },
        {
          "type": "Trainer",
          "url": "https://pocket.limitlesstcg.com/cards/A1/225",
          "name": "Sabrina",
          "count": 1
        },
        {
          "type": "Trainer",
          "url": "https://pocket.limitlesstcg.com/cards/P-A/5",
          "name": "Pok\u00e9 Ball",
          "count": 2
        },
        {
          "type": "Trainer",
          "url": "https://pocket.limitlesstcg.com/cards/P-A/6",
          "name": "Red Card",
          "count": 1
        }
      ]
    },
    {
      "id": "theobex",
      "name": "Theobex",
      "placing": -1,
      "country": "BR",
      "decklist": [
        {
          "type": "Pok\u00e9mon",
          "url": "https://pocket.limitlesstcg.com/cards/A1a/25",
          "name": "Pikachu (A1a-25)",
          "count": 1
        },
        {
          "type": "Pok\u00e9mon",
          "url": "https://pocket.limitlesstcg.com/cards/A1/94",
          "name": "Pikachu (A1-94)",
          "count": 1
        },
        {
          "type": "Pok\u00e9mon",
          "url": "https://pocket.limitlesstcg.com/cards/A1/95",
          "name": "Raichu (A1-95)",
          "count": 2
        },
        {
          "type": "Pok\u00e9mon",
          "url": "https://pocket.limitlesstcg.com/cards/A1/96",
          "name": "Pikachu ex (A1-96)",
          "count": 2
        },
        {
          "type": "Pok\u00e9mon",
          "url": "https://pocket.limitlesstcg.com/cards/A1a/30",
          "name": "Dedenne (A1a-30)",
          "count": 1
        },
        {
          "type": "Pok\u00e9mon",
          "url": "https://pocket.limitlesstcg.com/cards/A1a/27",
          "name": "Electabuzz (A1a-27)",
          "count": 1
        },
        {
          "type": "Pok\u00e9mon",
          "url": "https://pocket.limitlesstcg.com/cards/A1/104",
          "name": "Zapdos ex (A1-104)",
          "count": 1
        },
        {
          "type": "Trainer",
          "url": "https://pocket.limitlesstcg.com/cards/P-A/7",
          "name": "Professor's Research",
          "count": 2
        },
        {
          "type": "Trainer",
          "url": "https://pocket.limitlesstcg.com/cards/A1/225",
          "name": "Sabrina",
          "count": 2
        },
        {
          "type": "Trainer",
          "url": "https://pocket.limitlesstcg.com/cards/A1/223",
          "name": "Giovanni",
          "count": 1
        },
        {
          "type": "Trainer",
          "url": "https://pocket.limitlesstcg.com/cards/A1/226",
          "name": "Lt. Surge",
          "count": 1
        },
        {
          "type": "Trainer",
          "url": "https://pocket.limitlesstcg.com/cards/P-A/2",
          "name": "X Speed",
          "count": 2
        },
        {
          "type": "Trainer",
          "url": "https://pocket.limitlesstcg.com/cards/P-A/5",
          "name": "Pok\u00e9 Ball",
          "count": 2
        },
        {
          "type": "Trainer",
          "url": "https://pocket.limitlesstcg.com/cards/P-A/6",
          "name": "Red Card",
          "count": 1
        }
      ]
    },
    {
      "id": "persona",
      "name": "Persona",
      "placing": -1,
      "country": "BR",
      "decklist": [
        {
          "type": "Pok\u00e9mon",
          "url": "https://pocket.limitlesstcg.com/cards/A1/94",
          "name": "Pikachu (A1-94)",
          "count": 1
        },
        {
          "type": "Pok\u00e9mon",
          "url": "https://pocket.limitlesstcg.com/cards/A1a/25",
          "name": "Pikachu (A1a-25)",
          "count": 1
        },
        {
          "type": "Pok\u00e9mon",
          "url": "https://pocket.limitlesstcg.com/cards/A1/95",
          "name": "Raichu (A1-95)",
          "count": 2
        },
        {
          "type": "Pok\u00e9mon",
          "url": "https://pocket.limitlesstcg.com/cards/A1/96",
          "name": "Pikachu ex (A1-96)",
          "count": 2
        },
        {
          "type": "Pok\u00e9mon",
          "url": "https://pocket.limitlesstcg.com/cards/A1a/27",
          "name": "Electabuzz (A1a-27)",
          "count": 2
        },
        {
          "type": "Pok\u00e9mon",
          "url": "https://pocket.limitlesstcg.com/cards/A1a/30",
          "name": "Dedenne (A1a-30)",
          "count": 1
        },
        {
          "type": "Trainer",
          "url": "https://pocket.limitlesstcg.com/cards/P-A/7",
          "name": "Professor's Research",
          "count": 2
        },
        {
          "type": "Trainer",
          "url": "https://pocket.limitlesstcg.com/cards/A1/226",
          "name": "Lt. Surge",
          "count": 2
        },
        {
          "type": "Trainer",
          "url": "https://pocket.limitlesstcg.com/cards/A1/225",
          "name": "Sabrina",
          "count": 1
        },
        {
          "type": "Trainer",
          "url": "https://pocket.limitlesstcg.com/cards/A1/223",
          "name": "Giovanni",
          "count": 1
        },
        {
          "type": "Trainer",
          "url": "https://pocket.limitlesstcg.com/cards/A1a/67",
          "name": "Blue",
          "count": 1
        },
        {
          "type": "Trainer",
          "url": "https://pocket.limitlesstcg.com/cards/P-A/5",
          "name": "Pok\u00e9 Ball",
          "count": 2
        },
        {
          "type": "Trainer",
          "url": "https://pocket.limitlesstcg.com/cards/P-A/2",
          "name": "X Speed",
          "count": 2
        }
      ]
    },
    {
      "id": "marcusdaige",
      "name": "Marcusdaige",
      "placing": -1,
      "country": "BR",
      "decklist": [
        {
          "type": "Pok\u00e9mon",
          "url": "https://pocket.limitlesstcg.com/cards/A1/130",
          "name": "Ralts (A1-130)",
          "count": 2
        },
        {
          "type": "Pok\u00e9mon",
          "url": "https://pocket.limitlesstcg.com/cards/A1/131",
          "name": "Kirlia (A1-131)",
          "count": 2
        },
        {
          "type": "Pok\u00e9mon",
          "url": "https://pocket.limitlesstcg.com/cards/A1/132",
          "name": "Gardevoir (A1-132)",
          "count": 2
        },
        {
          "type": "Pok\u00e9mon",
          "url": "https://pocket.limitlesstcg.com/cards/A1/129",
          "name": "Mewtwo ex (A1-129)",
          "count": 2
        },
        {
          "type": "Pok\u00e9mon",
          "url": "https://pocket.limitlesstcg.com/cards/A1a/32",
          "name": "Mew ex (A1a-32)",
          "count": 1
        },
        {
          "type": "Trainer",
          "url": "https://pocket.limitlesstcg.com/cards/P-A/7",
          "name": "Professor's Research",
          "count": 2
        },
        {
          "type": "Trainer",
          "url": "https://pocket.limitlesstcg.com/cards/A1a/66",
          "name": "Budding Expeditioner",
          "count": 1
        },
        {
          "type": "Trainer",
          "url": "https://pocket.limitlesstcg.com/cards/A1a/67",
          "name": "Blue",
          "count": 1
        },
        {
          "type": "Trainer",
          "url": "https://pocket.limitlesstcg.com/cards/A1a/68",
          "name": "Leaf",
          "count": 1
        },
        {
          "type": "Trainer",
          "url": "https://pocket.limitlesstcg.com/cards/A1/225",
          "name": "Sabrina",
          "count": 1
        },
        {
          "type": "Trainer",
          "url": "https://pocket.limitlesstcg.com/cards/A1a/65",
          "name": "Mythical Slab",
          "count": 2
        },
        {
          "type": "Trainer",
          "url": "https://pocket.limitlesstcg.com/cards/P-A/5",
          "name": "Pok\u00e9 Ball",
          "count": 2
        },
        {
          "type": "Trainer",
          "url": "https://pocket.limitlesstcg.com/cards/P-A/2",
          "name": "X Speed",
          "count": 1
        }
      ]
    },
    {
      "id": "rafaelponts",
      "name": "rafaelponts",
      "placing": -1,
      "country": "BR",
      "decklist": [
        {
          "type": "Pok\u00e9mon",
          "url": "https://pocket.limitlesstcg.com/cards/A1a/17",
          "name": "Magikarp (A1a-17)",
          "count": 2
        },
        {
          "type": "Pok\u00e9mon",
          "url": "https://pocket.limitlesstcg.com/cards/A1a/18",
          "name": "Gyarados ex (A1a-18)",
          "count": 2
        },
        {
          "type": "Pok\u00e9mon",
          "url": "https://pocket.limitlesstcg.com/cards/A1/87",
          "name": "Froakie (A1-87)",
          "count": 2
        },
        {
          "type": "Pok\u00e9mon",
          "url": "https://pocket.limitlesstcg.com/cards/A1/88",
          "name": "Frogadier (A1-88)",
          "count": 2
        },
        {
          "type": "Pok\u00e9mon",
          "url": "https://pocket.limitlesstcg.com/cards/A1/89",
          "name": "Greninja (A1-89)",
          "count": 2
        },
        {
          "type": "Pok\u00e9mon",
          "url": "https://pocket.limitlesstcg.com/cards/A1/203",
          "name": "Kangaskhan (A1-203)",
          "count": 2
        },
        {
          "type": "Trainer",
          "url": "https://pocket.limitlesstcg.com/cards/A1a/68",
          "name": "Leaf",
          "count": 2
        },
        {
          "type": "Trainer",
          "url": "https://pocket.limitlesstcg.com/cards/A1/220",
          "name": "Misty",
          "count": 2
        },
        {
          "type": "Trainer",
          "url": "https://pocket.limitlesstcg.com/cards/P-A/7",
          "name": "Professor's Research",
          "count": 2
        },
        {
          "type": "Trainer",
          "url": "https://pocket.limitlesstcg.com/cards/P-A/5",
          "name": "Pok\u00e9 Ball",
          "count": 2
        }
      ]
    },
    {
      "id": "ramonzinnn",
      "name": "Ramonzinnn",
      "placing": -1,
      "country": "BR",
      "decklist": [
        {
          "type": "Pok\u00e9mon",
          "url": "https://pocket.limitlesstcg.com/cards/A1/150",
          "name": "Onix (A1-150)",
          "count": 2
        },
        {
          "type": "Pok\u00e9mon",
          "url": "https://pocket.limitlesstcg.com/cards/A1/210",
          "name": "Aerodactyl (A1-210)",
          "count": 2
        },
        {
          "type": "Pok\u00e9mon",
          "url": "https://pocket.limitlesstcg.com/cards/A1a/47",
          "name": "Marshadow (A1a-47)",
          "count": 1
        },
        {
          "type": "Trainer",
          "url": "https://pocket.limitlesstcg.com/cards/P-A/7",
          "name": "Professor's Research",
          "count": 2
        },
        {
          "type": "Trainer",
          "url": "https://pocket.limitlesstcg.com/cards/A1/223",
          "name": "Giovanni",
          "count": 2
        },
        {
          "type": "Trainer",
          "url": "https://pocket.limitlesstcg.com/cards/A1/224",
          "name": "Brock",
          "count": 2
        },
        {
          "type": "Trainer",
          "url": "https://pocket.limitlesstcg.com/cards/A1/225",
          "name": "Sabrina",
          "count": 2
        },
        {
          "type": "Trainer",
          "url": "https://pocket.limitlesstcg.com/cards/P-A/2",
          "name": "X Speed",
          "count": 2
        },
        {
          "type": "Trainer",
          "url": "https://pocket.limitlesstcg.com/cards/P-A/5",
          "name": "Pok\u00e9 Ball",
          "count": 2
        },
        {
          "type": "Trainer",
          "url": "https://pocket.limitlesstcg.com/cards/A1a/63",
          "name": "Old Amber",
          "count": 2
        },
        {
          "type": "Trainer",
          "url": "https://pocket.limitlesstcg.com/cards/P-A/1",
          "name": "Potion",
          "count": 1
        }
      ]
    }
  ],
  "matches": [
    {
      "match_results": [
        {
          "player_id": "k1zams",
          "score": 1
        },
        {
          "player_id": "hypedpuffer",
          "score": 2
        }
      ]
    },
    {
      "match_results": [
        {
          "player_id": "marcusdaige",
          "score": 1
        },
        {
          "player_id": "ronin92",
          "score": 2
        }
      ]
    },
    {
      "match_results": [
        {
          "player_id": "brunocarmona",
          "score": 2
        },
        {
          "player_id": "rafaelponts",
          "score": 0
        }
      ]
    },
    {
      "match_results": [
        {
          "player_id": "persona",
          "score": 2
        },
        {
          "player_id": "dougz92",
          "score": 1
        }
      ]
    },
    {
      "match_results": [
        {
          "player_id": "queijoso",
          "score": 2
        },
        {
          "player_id": "rafinhagod",
          "score": 0
        }
      ]
    },
    {
      "match_results": [
        {
          "player_id": "djangolivr3",
          "score": 0
        },
        {
          "player_id": "surdao123",
          "score": 2
        }
      ]
    },
    {
      "match_results": [
        {
          "player_id": "darthpizzius",
          "score": 2
        },
        {
          "player_id": "graviton",
          "score": 1
        }
      ]
    },
    {
      "match_results": [
        {
          "player_id": "nyhttz",
          "score": 0
        },
        {
          "player_id": "psgz",
          "score": 2
        }
      ]
    },
    {
      "match_results": [
        {
          "player_id": "eumesmo",
          "score": 2
        },
        {
          "player_id": "augusto987",
          "score": 1
        }
      ]
    },
    {
      "match_results": [
        {
          "player_id": "trit100",
          "score": 0
        },
        {
          "player_id": "comatosis",
          "score": 2
        }
      ]
    },
    {
      "match_results": [
        {
          "player_id": "newka",
          "score": 0
        },
        {
          "player_id": "ukato",
          "score": 2
        }
      ]
    },
    {
      "match_results": [
        {
          "player_id": "oieusoupipo",
          "score": 2
        },
        {
          "player_id": "jhonnyvector",
          "score": 1
        }
      ]
    },
    {
      "match_results": [
        {
          "player_id": "ramonzinnn",
          "score": 0
        },
        {
          "player_id": "darleysantana",
          "score": 0
        }
      ]
    },
    {
      "match_results": [
        {
          "player_id": "andrewc",
          "score": 1
        },
        {
          "player_id": "vesguinho22",
          "score": 2
        }
      ]
    },
    {
      "match_results": [
        {
          "player_id": "ikaru",
          "score": 2
        },
        {
          "player_id": "dust",
          "score": 1
        }
      ]
    },
    {
      "match_results": [
        {
          "player_id": "rody",
          "score": 2
        },
        {
          "player_id": "tkmagnequitorx1",
          "score": 0
        }
      ]
    },
    {
      "match_results": [
        {
          "player_id": "theobex",
          "score": 2
        },
        {
          "player_id": "fiero",
          "score": 1
        }
      ]
    },
    {
      "match_results": [
        {
          "player_id": "oieusoupipo",
          "score": 2
        },
        {
          "player_id": "psgz",
          "score": 0
        }
      ]
    },
    {
      "match_results": [
        {
          "player_id": "eumesmo",
          "score": 2
        },
        {
          "player_id": "ronin92",
          "score": 1
        }
      ]
    },
    {
      "match_results": [
        {
          "player_id": "darleysantana",
          "score": 2
        },
        {
          "player_id": "ikaru",
          "score": 1
        }
      ]
    },
    {
      "match_results": [
        {
          "player_id": "victinhopm",
          "score": 2
        },
        {
          "player_id": "theobex",
          "score": 0
        }
      ]
    },
    {
      "match_results": [
        {
          "player_id": "comatosis",
          "score": 0
        },
        {
          "player_id": "rody",
          "score": 2
        }
      ]
    },
    {
      "match_results": [
        {
          "player_id": "vesguinho22",
          "score": 0
        },
        {
          "player_id": "surdao123",
          "score": 2
        }
      ]
    },
    {
      "match_results": [
        {
          "player_id": "darthpizzius",
          "score": 0
        },
        {
          "player_id": "persona",
          "score": 2
        }
      ]
    },
    {
      "match_results": [
        {
          "player_id": "queijoso",
          "score": 2
        },
        {
          "player_id": "hypedpuffer",
          "score": 1
        }
      ]
    },
    {
      "match_results": [
        {
          "player_id": "ukato",
          "score": 0
        },
        {
          "player_id": "brunocarmona",
          "score": 2
        }
      ]
    },
    {
      "match_results": [
        {
          "player_id": "dougz92",
          "score": 2
        },
        {
          "player_id": "rafaelponts",
          "score": 0
        }
      ]
    },
    {
      "match_results": [
        {
          "player_id": "k1zams",
          "score": 2
        },
        {
          "player_id": "marcusdaige",
          "score": 0
        }
      ]
    },
    {
      "match_results": [
        {
          "player_id": "jhonnyvector",
          "score": 2
        },
        {
          "player_id": "tkmagnequitorx1",
          "score": 0
        }
      ]
    },
    {
      "match_results": [
        {
          "player_id": "dust",
          "score": 2
        },
        {
          "player_id": "graviton",
          "score": 0
        }
      ]
    },
    {
      "match_results": [
        {
          "player_id": "nyhttz",
          "score": 0
        },
        {
          "player_id": "rafinhagod",
          "score": 2
        }
      ]
    },
    {
      "match_results": [
        {
          "player_id": "ramonzinnn",
          "score": 0
        },
        {
          "player_id": "newka",
          "score": 0
        }
      ]
    },
    {
      "match_results": [
        {
          "player_id": "fiero",
          "score": 2
        },
        {
          "player_id": "augusto987",
          "score": 0
        }
      ]
    },
    {
      "match_results": [
        {
          "player_id": "djangolivr3",
          "score": 2
        },
        {
          "player_id": "trit100",
          "score": 1
        }
      ]
    },
    {
      "match_results": [
        {
          "player_id": "surdao123",
          "score": 0
        },
        {
          "player_id": "victinhopm",
          "score": 2
        }
      ]
    },
    {
      "match_results": [
        {
          "player_id": "eumesmo",
          "score": 0
        },
        {
          "player_id": "queijoso",
          "score": 2
        }
      ]
    },
    {
      "match_results": [
        {
          "player_id": "brunocarmona",
          "score": 0
        },
        {
          "player_id": "oieusoupipo",
          "score": 2
        }
      ]
    },
    {
      "match_results": [
        {
          "player_id": "darleysantana",
          "score": 0
        },
        {
          "player_id": "rody",
          "score": 2
        }
      ]
    },
    {
      "match_results": [
        {
          "player_id": "persona",
          "score": 0
        },
        {
          "player_id": "jhonnyvector",
          "score": 2
        }
      ]
    },
    {
      "match_results": [
        {
          "player_id": "darthpizzius",
          "score": 1
        },
        {
          "player_id": "vesguinho22",
          "score": 2
        }
      ]
    },
    {
      "match_results": [
        {
          "player_id": "k1zams",
          "score": 2
        },
        {
          "player_id": "comatosis",
          "score": 0
        }
      ]
    },
    {
      "match_results": [
        {
          "player_id": "dust",
          "score": 2
        },
        {
          "player_id": "ronin92",
          "score": 0
        }
      ]
    },
    {
      "match_results": [
        {
          "player_id": "psgz",
          "score": 2
        },
        {
          "player_id": "andrewc",
          "score": 0
        }
      ]
    },
    {
      "match_results": [
        {
          "player_id": "djangolivr3",
          "score": 2
        },
        {
          "player_id": "rafinhagod",
          "score": 1
        }
      ]
    },
    {
      "match_results": [
        {
          "player_id": "theobex",
          "score": 0
        },
        {
          "player_id": "ikaru",
          "score": 2
        }
      ]
    },
    {
      "match_results": [
        {
          "player_id": "ukato",
          "score": 2
        },
        {
          "player_id": "hypedpuffer",
          "score": 0
        }
      ]
    },
    {
      "match_results": [
        {
          "player_id": "fiero",
          "score": 2
        },
        {
          "player_id": "dougz92",
          "score": 1
        }
      ]
    },
    {
      "match_results": [
        {
          "player_id": "newka",
          "score": 1
        },
        {
          "player_id": "nyhttz",
          "score": 2
        }
      ]
    },
    {
      "match_results": [
        {
          "player_id": "augusto987",
          "score": 1
        },
        {
          "player_id": "tkmagnequitorx1",
          "score": 2
        }
      ]
    },
    {
      "match_results": [
        {
          "player_id": "victinhopm",
          "score": 1
        },
        {
          "player_id": "queijoso",
          "score": 2
        }
      ]
    },
    {
      "match_results": [
        {
          "player_id": "rody",
          "score": 1
        },
        {
          "player_id": "oieusoupipo",
          "score": 2
        }
      ]
    },
    {
      "match_results": [
        {
          "player_id": "ukato",
          "score": 2
        },
        {
          "player_id": "vesguinho22",
          "score": 0
        }
      ]
    },
    {
      "match_results": [
        {
          "player_id": "ikaru",
          "score": 0
        },
        {
          "player_id": "fiero",
          "score": 2
        }
      ]
    },
    {
      "match_results": [
        {
          "player_id": "k1zams",
          "score": 1
        },
        {
          "player_id": "eumesmo",
          "score": 2
        }
      ]
    },
    {
      "match_results": [
        {
          "player_id": "surdao123",
          "score": 2
        },
        {
          "player_id": "darleysantana",
          "score": 1
        }
      ]
    },
    {
      "match_results": [
        {
          "player_id": "jhonnyvector",
          "score": 2
        },
        {
          "player_id": "djangolivr3",
          "score": 1
        }
      ]
    },
    {
      "match_results": [
        {
          "player_id": "brunocarmona",
          "score": 2
        },
        {
          "player_id": "persona",
          "score": 0
        }
      ]
    },
    {
      "match_results": [
        {
          "player_id": "psgz",
          "score": 2
        },
        {
          "player_id": "dust",
          "score": 1
        }
      ]
    },
    {
      "match_results": [
        {
          "player_id": "andrewc",
          "score": 2
        },
        {
          "player_id": "hypedpuffer",
          "score": 1
        }
      ]
    },
    {
      "match_results": [
        {
          "player_id": "dougz92",
          "score": 2
        },
        {
          "player_id": "darthpizzius",
          "score": 1
        }
      ]
    },
    {
      "match_results": [
        {
          "player_id": "rafinhagod",
          "score": 2
        },
        {
          "player_id": "tkmagnequitorx1",
          "score": 0
        }
      ]
    },
    {
      "match_results": [
        {
          "player_id": "nyhttz",
          "score": 1
        },
        {
          "player_id": "ronin92",
          "score": 2
        }
      ]
    },
    {
      "match_results": [
        {
          "player_id": "graviton",
          "score": 2
        },
        {
          "player_id": "theobex",
          "score": 1
        }
      ]
    },
    {
      "match_results": [
        {
          "player_id": "comatosis",
          "score": 2
        },
        {
          "player_id": "newka",
          "score": 0
        }
      ]
    },
    {
      "match_results": [
        {
          "player_id": "queijoso",
          "score": 2
        },
        {
          "player_id": "oieusoupipo",
          "score": 1
        }
      ]
    },
    {
      "match_results": [
        {
          "player_id": "jhonnyvector",
          "score": 0
        },
        {
          "player_id": "psgz",
          "score": 0
        }
      ]
    },
    {
      "match_results": [
        {
          "player_id": "victinhopm",
          "score": 2
        },
        {
          "player_id": "eumesmo",
          "score": 0
        }
      ]
    },
    {
      "match_results": [
        {
          "player_id": "ukato",
          "score": 2
        },
        {
          "player_id": "fiero",
          "score": 0
        }
      ]
    },
    {
      "match_results": [
        {
          "player_id": "brunocarmona",
          "score": 2
        },
        {
          "player_id": "surdao123",
          "score": 0
        }
      ]
    },
    {
      "match_results": [
        {
          "player_id": "rody",
          "score": 0
        },
        {
          "player_id": "djangolivr3",
          "score": 2
        }
      ]
    },
    {
      "match_results": [
        {
          "player_id": "darleysantana",
          "score": 0
        },
        {
          "player_id": "graviton",
          "score": 2
        }
      ]
    },
    {
      "match_results": [
        {
          "player_id": "k1zams",
          "score": 2
        },
        {
          "player_id": "rafinhagod",
          "score": 1
        }
      ]
    },
    {
      "match_results": [
        {
          "player_id": "dougz92",
          "score": 0
        },
        {
          "player_id": "andrewc",
          "score": 2
        }
      ]
    },
    {
      "match_results": [
        {
          "player_id": "dust",
          "score": 2
        },
        {
          "player_id": "persona",
          "score": 0
        }
      ]
    },
    {
      "match_results": [
        {
          "player_id": "ronin92",
          "score": 1
        },
        {
          "player_id": "ikaru",
          "score": 2
        }
      ]
    },
    {
      "match_results": [
        {
          "player_id": "comatosis",
          "score": 1
        },
        {
          "player_id": "vesguinho22",
          "score": 2
        }
      ]
    },
    {
      "match_results": [
        {
          "player_id": "tkmagnequitorx1",
          "score": 0
        },
        {
          "player_id": "nyhttz",
          "score": 2
        }
      ]
    },
    {
      "match_results": [
        {
          "player_id": "augusto987",
          "score": 0
        },
        {
          "player_id": "hypedpuffer",
          "score": 2
        }
      ]
    },
    {
      "match_results": [
        {
          "player_id": "ikaru",
          "score": 1
        },
        {
          "player_id": "k1zams",
          "score": 2
        }
      ]
    },
    {
      "match_results": [
        {
          "player_id": "fiero",
          "score": 2
        },
        {
          "player_id": "graviton",
          "score": 0
        }
      ]
    },
    {
      "match_results": [
        {
          "player_id": "queijoso",
          "score": 2
        },
        {
          "player_id": "k1zams",
          "score": 1
        }
      ]
    },
    {
      "match_results": [
        {
          "player_id": "psgz",
          "score": 2
        },
        {
          "player_id": "eumesmo",
          "score": 0
        }
      ]
    },
    {
      "match_results": [
        {
          "player_id": "brunocarmona",
          "score": 1
        },
        {
          "player_id": "andrewc",
          "score": 2
        }
      ]
    },
    {
      "match_results": [
        {
          "player_id": "jhonnyvector",
          "score": 2
        },
        {
          "player_id": "dust",
          "score": 1
        }
      ]
    },
    {
      "match_results": [
        {
          "player_id": "oieusoupipo",
          "score": 1
        },
        {
          "player_id": "fiero",
          "score": 2
        }
      ]
    },
    {
      "match_results": [
        {
          "player_id": "surdao123",
          "score": 2
        },
        {
          "player_id": "djangolivr3",
          "score": 1
        }
      ]
    },
    {
      "match_results": [
        {
          "player_id": "victinhopm",
          "score": 2
        },
        {
          "player_id": "rody",
          "score": 0
        }
      ]
    },
    {
      "match_results": [
        {
          "player_id": "ukato",
          "score": 2
        },
        {
          "player_id": "vesguinho22",
          "score": 0
        }
      ]
    },
    {
      "match_results": [
        {
          "player_id": "queijoso",
          "score": 2
        },
        {
          "player_id": "psgz",
          "score": 0
        }
      ]
    },
    {
      "match_results": [
        {
          "player_id": "andrewc",
          "score": 1
        },
        {
          "player_id": "jhonnyvector",
          "score": 2
        }
      ]
    },
    {
      "match_results": [
        {
          "player_id": "fiero",
          "score": 1
        },
        {
          "player_id": "surdao123",
          "score": 2
        }
      ]
    },
    {
      "match_results": [
        {
          "player_id": "victinhopm",
          "score": 2
        },
        {
          "player_id": "ukato",
          "score": 0
        }
      ]
    },
    {
      "match_results": [
        {
          "player_id": "queijoso",
          "score": 1
        },
        {
          "player_id": "jhonnyvector",
          "score": 2
        }
      ]
    },
    {
      "match_results": [
        {
          "player_id": "surdao123",
          "score": 0
        },
        {
          "player_id": "victinhopm",
          "score": 2
        }
      ]
    },
    {
      "match_results": [
        {
          "player_id": "jhonnyvector",
          "score": 3
        },
        {
          "player_id": "victinhopm",
          "score": 1
        }
      ]
    }
  ]
}