{
  "id": "6797d5cd5229b408d3ceeff7",
  "name": "Biznaga Pocket Challenge #4",
  "date": "2025-01-28T01:00:00.000Z",
  "organizer": "Biznaga Gaming",
  "format": "1",
  "nb_players": "10",
  "players": [
    {
      "id": "woolencapdd",
      "name": "Woolencapdd",
      "placing": "1",
      "country": "BR",
      "decklist": [
        {
          "type": "Pok\u00e9mon",
          "url": "https://pocket.limitlesstcg.com/cards/A1/99",
          "name": "Voltorb (A1-99)",
          "count": 2
        },
        {
          "type": "Pok\u00e9mon",
          "url": "https://pocket.limitlesstcg.com/cards/A1/100",
          "name": "Electrode (A1-100)",
          "count": 2
        },
        {
          "type": "Pok\u00e9mon",
          "url": "https://pocket.limitlesstcg.com/cards/A1/96",
          "name": "Pikachu ex (A1-96)",
          "count": 2
        },
        {
          "type": "Pok\u00e9mon",
          "url": "https://pocket.limitlesstcg.com/cards/A1/104",
          "name": "Zapdos ex (A1-104)",
          "count": 2
        },
        {
          "type": "Pok\u00e9mon",
          "url": "https://pocket.limitlesstcg.com/cards/A1/94",
          "name": "Pikachu (A1-94)",
          "count": 1
        },
        {
          "type": "Pok\u00e9mon",
          "url": "https://pocket.limitlesstcg.com/cards/A1/95",
          "name": "Raichu (A1-95)",
          "count": 1
        },
        {
          "type": "Trainer",
          "url": "https://pocket.limitlesstcg.com/cards/P-A/7",
          "name": "Professor's Research",
          "count": 2
        },
        {
          "type": "Trainer",
          "url": "https://pocket.limitlesstcg.com/cards/A1/225",
          "name": "Sabrina",
          "count": 2
        },
        {
          "type": "Trainer",
          "url": "https://pocket.limitlesstcg.com/cards/A1/226",
          "name": "Lt. Surge",
          "count": 1
        },
        {
          "type": "Trainer",
          "url": "https://pocket.limitlesstcg.com/cards/A1/223",
          "name": "Giovanni",
          "count": 1
        },
        {
          "type": "Trainer",
          "url": "https://pocket.limitlesstcg.com/cards/P-A/5",
          "name": "Pok\u00e9 Ball",
          "count": 2
        },
        {
          "type": "Trainer",
          "url": "https://pocket.limitlesstcg.com/cards/P-A/1",
          "name": "Potion",
          "count": 1
        },
        {
          "type": "Trainer",
          "url": "https://pocket.limitlesstcg.com/cards/P-A/2",
          "name": "X Speed",
          "count": 1
        }
      ]
    },
    {
      "id": "sezvyn",
      "name": "sezvyn",
      "placing": "2",
      "country": "US",
      "decklist": [
        {
          "type": "Pok\u00e9mon",
          "url": "https://pocket.limitlesstcg.com/cards/A1/186",
          "name": "Pidgey (A1-186)",
          "count": 2
        },
        {
          "type": "Pok\u00e9mon",
          "url": "https://pocket.limitlesstcg.com/cards/A1/187",
          "name": "Pidgeotto (A1-187)",
          "count": 2
        },
        {
          "type": "Pok\u00e9mon",
          "url": "https://pocket.limitlesstcg.com/cards/A1a/59",
          "name": "Pidgeot ex (A1a-59)",
          "count": 2
        },
        {
          "type": "Pok\u00e9mon",
          "url": "https://pocket.limitlesstcg.com/cards/A1a/62",
          "name": "Chatot (A1a-62)",
          "count": 2
        },
        {
          "type": "Pok\u00e9mon",
          "url": "https://pocket.limitlesstcg.com/cards/A1a/46",
          "name": "Aerodactyl ex (A1a-46)",
          "count": 2
        },
        {
          "type": "Pok\u00e9mon",
          "url": "https://pocket.limitlesstcg.com/cards/A1a/47",
          "name": "Marshadow (A1a-47)",
          "count": 1
        },
        {
          "type": "Trainer",
          "url": "https://pocket.limitlesstcg.com/cards/A1/225",
          "name": "Sabrina",
          "count": 1
        },
        {
          "type": "Trainer",
          "url": "https://pocket.limitlesstcg.com/cards/A1/223",
          "name": "Giovanni",
          "count": 1
        },
        {
          "type": "Trainer",
          "url": "https://pocket.limitlesstcg.com/cards/P-A/7",
          "name": "Professor's Research",
          "count": 1
        },
        {
          "type": "Trainer",
          "url": "https://pocket.limitlesstcg.com/cards/A1a/63",
          "name": "Old Amber",
          "count": 2
        },
        {
          "type": "Trainer",
          "url": "https://pocket.limitlesstcg.com/cards/P-A/5",
          "name": "Pok\u00e9 Ball",
          "count": 2
        },
        {
          "type": "Trainer",
          "url": "https://pocket.limitlesstcg.com/cards/A1a/64",
          "name": "Pok\u00e9mon Flute",
          "count": 1
        },
        {
          "type": "Trainer",
          "url": "https://pocket.limitlesstcg.com/cards/P-A/2",
          "name": "X Speed",
          "count": 1
        }
      ]
    },
    {
      "id": "skoolx",
      "name": "Skoolx",
      "placing": "3",
      "country": "BR",
      "decklist": [
        {
          "type": "Pok\u00e9mon",
          "url": "https://pocket.limitlesstcg.com/cards/A1a/17",
          "name": "Magikarp (A1a-17)",
          "count": 2
        },
        {
          "type": "Pok\u00e9mon",
          "url": "https://pocket.limitlesstcg.com/cards/A1a/18",
          "name": "Gyarados ex (A1a-18)",
          "count": 2
        },
        {
          "type": "Pok\u00e9mon",
          "url": "https://pocket.limitlesstcg.com/cards/A1/87",
          "name": "Froakie (A1-87)",
          "count": 2
        },
        {
          "type": "Pok\u00e9mon",
          "url": "https://pocket.limitlesstcg.com/cards/A1/88",
          "name": "Frogadier (A1-88)",
          "count": 2
        },
        {
          "type": "Pok\u00e9mon",
          "url": "https://pocket.limitlesstcg.com/cards/A1/89",
          "name": "Greninja (A1-89)",
          "count": 2
        },
        {
          "type": "Pok\u00e9mon",
          "url": "https://pocket.limitlesstcg.com/cards/A1a/56",
          "name": "Druddigon (A1a-56)",
          "count": 2
        },
        {
          "type": "Trainer",
          "url": "https://pocket.limitlesstcg.com/cards/A1/220",
          "name": "Misty",
          "count": 2
        },
        {
          "type": "Trainer",
          "url": "https://pocket.limitlesstcg.com/cards/P-A/7",
          "name": "Professor's Research",
          "count": 2
        },
        {
          "type": "Trainer",
          "url": "https://pocket.limitlesstcg.com/cards/A1a/68",
          "name": "Leaf",
          "count": 2
        },
        {
          "type": "Trainer",
          "url": "https://pocket.limitlesstcg.com/cards/P-A/5",
          "name": "Pok\u00e9 Ball",
          "count": 2
        }
      ]
    },
    {
      "id": "mmoure90",
      "name": "mmoure90",
      "placing": "4",
      "country": "IT",
      "decklist": [
        {
          "type": "Pok\u00e9mon",
          "url": "https://pocket.limitlesstcg.com/cards/A1/130",
          "name": "Ralts (A1-130)",
          "count": 2
        },
        {
          "type": "Pok\u00e9mon",
          "url": "https://pocket.limitlesstcg.com/cards/A1/131",
          "name": "Kirlia (A1-131)",
          "count": 2
        },
        {
          "type": "Pok\u00e9mon",
          "url": "https://pocket.limitlesstcg.com/cards/A1/132",
          "name": "Gardevoir (A1-132)",
          "count": 2
        },
        {
          "type": "Pok\u00e9mon",
          "url": "https://pocket.limitlesstcg.com/cards/A1/129",
          "name": "Mewtwo ex (A1-129)",
          "count": 2
        },
        {
          "type": "Pok\u00e9mon",
          "url": "https://pocket.limitlesstcg.com/cards/A1a/32",
          "name": "Mew ex (A1a-32)",
          "count": 1
        },
        {
          "type": "Trainer",
          "url": "https://pocket.limitlesstcg.com/cards/P-A/7",
          "name": "Professor's Research",
          "count": 2
        },
        {
          "type": "Trainer",
          "url": "https://pocket.limitlesstcg.com/cards/A1/225",
          "name": "Sabrina",
          "count": 2
        },
        {
          "type": "Trainer",
          "url": "https://pocket.limitlesstcg.com/cards/A1/223",
          "name": "Giovanni",
          "count": 1
        },
        {
          "type": "Trainer",
          "url": "https://pocket.limitlesstcg.com/cards/P-A/5",
          "name": "Pok\u00e9 Ball",
          "count": 2
        },
        {
          "type": "Trainer",
          "url": "https://pocket.limitlesstcg.com/cards/P-A/2",
          "name": "X Speed",
          "count": 2
        },
        {
          "type": "Trainer",
          "url": "https://pocket.limitlesstcg.com/cards/A1a/65",
          "name": "Mythical Slab",
          "count": 2
        }
      ]
    },
    {
      "id": "edlomu",
      "name": "EdLomu",
      "placing": "5",
      "country": "BR",
      "decklist": [
        {
          "type": "Pok\u00e9mon",
          "url": "https://pocket.limitlesstcg.com/cards/A1/87",
          "name": "Froakie (A1-87)",
          "count": 2
        },
        {
          "type": "Pok\u00e9mon",
          "url": "https://pocket.limitlesstcg.com/cards/A1/88",
          "name": "Frogadier (A1-88)",
          "count": 2
        },
        {
          "type": "Pok\u00e9mon",
          "url": "https://pocket.limitlesstcg.com/cards/A1/89",
          "name": "Greninja (A1-89)",
          "count": 2
        },
        {
          "type": "Pok\u00e9mon",
          "url": "https://pocket.limitlesstcg.com/cards/A1/91",
          "name": "Bruxish (A1-91)",
          "count": 2
        },
        {
          "type": "Pok\u00e9mon",
          "url": "https://pocket.limitlesstcg.com/cards/A1a/56",
          "name": "Druddigon (A1a-56)",
          "count": 2
        },
        {
          "type": "Trainer",
          "url": "https://pocket.limitlesstcg.com/cards/P-A/7",
          "name": "Professor's Research",
          "count": 2
        },
        {
          "type": "Trainer",
          "url": "https://pocket.limitlesstcg.com/cards/A1/223",
          "name": "Giovanni",
          "count": 2
        },
        {
          "type": "Trainer",
          "url": "https://pocket.limitlesstcg.com/cards/A1/225",
          "name": "Sabrina",
          "count": 2
        },
        {
          "type": "Trainer",
          "url": "https://pocket.limitlesstcg.com/cards/A1a/68",
          "name": "Leaf",
          "count": 1
        },
        {
          "type": "Trainer",
          "url": "https://pocket.limitlesstcg.com/cards/P-A/5",
          "name": "Pok\u00e9 Ball",
          "count": 2
        },
        {
          "type": "Trainer",
          "url": "https://pocket.limitlesstcg.com/cards/P-A/1",
          "name": "Potion",
          "count": 1
        }
      ]
    },
    {
      "id": "a11seeingeye",
      "name": "A11SeeingEye",
      "placing": "6",
      "country": "HK",
      "decklist": [
        {
          "type": "Pok\u00e9mon",
          "url": "https://pocket.limitlesstcg.com/cards/A1/105",
          "name": "Blitzle (A1-105)",
          "count": 2
        },
        {
          "type": "Pok\u00e9mon",
          "url": "https://pocket.limitlesstcg.com/cards/A1/106",
          "name": "Zebstrika (A1-106)",
          "count": 2
        },
        {
          "type": "Pok\u00e9mon",
          "url": "https://pocket.limitlesstcg.com/cards/A1/96",
          "name": "Pikachu ex (A1-96)",
          "count": 2
        },
        {
          "type": "Pok\u00e9mon",
          "url": "https://pocket.limitlesstcg.com/cards/A1/104",
          "name": "Zapdos ex (A1-104)",
          "count": 2
        },
        {
          "type": "Pok\u00e9mon",
          "url": "https://pocket.limitlesstcg.com/cards/A1a/30",
          "name": "Dedenne (A1a-30)",
          "count": 1
        },
        {
          "type": "Trainer",
          "url": "https://pocket.limitlesstcg.com/cards/P-A/7",
          "name": "Professor's Research",
          "count": 2
        },
        {
          "type": "Trainer",
          "url": "https://pocket.limitlesstcg.com/cards/A1/225",
          "name": "Sabrina",
          "count": 2
        },
        {
          "type": "Trainer",
          "url": "https://pocket.limitlesstcg.com/cards/A1/223",
          "name": "Giovanni",
          "count": 1
        },
        {
          "type": "Trainer",
          "url": "https://pocket.limitlesstcg.com/cards/P-A/5",
          "name": "Pok\u00e9 Ball",
          "count": 2
        },
        {
          "type": "Trainer",
          "url": "https://pocket.limitlesstcg.com/cards/P-A/2",
          "name": "X Speed",
          "count": 2
        },
        {
          "type": "Trainer",
          "url": "https://pocket.limitlesstcg.com/cards/P-A/1",
          "name": "Potion",
          "count": 2
        }
      ]
    },
    {
      "id": "binotto",
      "name": "Binotto",
      "placing": "7",
      "country": "BR",
      "decklist": [
        {
          "type": "Pok\u00e9mon",
          "url": "https://pocket.limitlesstcg.com/cards/A1/130",
          "name": "Ralts (A1-130)",
          "count": 2
        },
        {
          "type": "Pok\u00e9mon",
          "url": "https://pocket.limitlesstcg.com/cards/A1/131",
          "name": "Kirlia (A1-131)",
          "count": 2
        },
        {
          "type": "Pok\u00e9mon",
          "url": "https://pocket.limitlesstcg.com/cards/A1/132",
          "name": "Gardevoir (A1-132)",
          "count": 2
        },
        {
          "type": "Pok\u00e9mon",
          "url": "https://pocket.limitlesstcg.com/cards/A1/129",
          "name": "Mewtwo ex (A1-129)",
          "count": 2
        },
        {
          "type": "Pok\u00e9mon",
          "url": "https://pocket.limitlesstcg.com/cards/A1a/32",
          "name": "Mew ex (A1a-32)",
          "count": 1
        },
        {
          "type": "Trainer",
          "url": "https://pocket.limitlesstcg.com/cards/P-A/7",
          "name": "Professor's Research",
          "count": 2
        },
        {
          "type": "Trainer",
          "url": "https://pocket.limitlesstcg.com/cards/A1a/68",
          "name": "Leaf",
          "count": 2
        },
        {
          "type": "Trainer",
          "url": "https://pocket.limitlesstcg.com/cards/A1a/67",
          "name": "Blue",
          "count": 1
        },
        {
          "type": "Trainer",
          "url": "https://pocket.limitlesstcg.com/cards/A1/223",
          "name": "Giovanni",
          "count": 1
        },
        {
          "type": "Trainer",
          "url": "https://pocket.limitlesstcg.com/cards/A1/225",
          "name": "Sabrina",
          "count": 1
        },
        {
          "type": "Trainer",
          "url": "https://pocket.limitlesstcg.com/cards/P-A/5",
          "name": "Pok\u00e9 Ball",
          "count": 2
        },
        {
          "type": "Trainer",
          "url": "https://pocket.limitlesstcg.com/cards/A1a/65",
          "name": "Mythical Slab",
          "count": 2
        }
      ]
    },
    {
      "id": "torapapa",
      "name": "ToraPapa",
      "placing": "8",
      "country": "JP",
      "decklist": [
        {
          "type": "Pok\u00e9mon",
          "url": "https://pocket.limitlesstcg.com/cards/A1/21",
          "name": "Exeggcute (A1-21)",
          "count": 2
        },
        {
          "type": "Pok\u00e9mon",
          "url": "https://pocket.limitlesstcg.com/cards/A1/23",
          "name": "Exeggutor ex (A1-23)",
          "count": 2
        },
        {
          "type": "Pok\u00e9mon",
          "url": "https://pocket.limitlesstcg.com/cards/A1a/3",
          "name": "Celebi ex (A1a-3)",
          "count": 2
        },
        {
          "type": "Pok\u00e9mon",
          "url": "https://pocket.limitlesstcg.com/cards/A1a/4",
          "name": "Snivy (A1a-4)",
          "count": 1
        },
        {
          "type": "Pok\u00e9mon",
          "url": "https://pocket.limitlesstcg.com/cards/A1a/5",
          "name": "Servine (A1a-5)",
          "count": 2
        },
        {
          "type": "Pok\u00e9mon",
          "url": "https://pocket.limitlesstcg.com/cards/A1a/6",
          "name": "Serperior (A1a-6)",
          "count": 2
        },
        {
          "type": "Trainer",
          "url": "https://pocket.limitlesstcg.com/cards/P-A/7",
          "name": "Professor's Research",
          "count": 2
        },
        {
          "type": "Trainer",
          "url": "https://pocket.limitlesstcg.com/cards/A1/219",
          "name": "Erika",
          "count": 2
        },
        {
          "type": "Trainer",
          "url": "https://pocket.limitlesstcg.com/cards/A1/225",
          "name": "Sabrina",
          "count": 1
        },
        {
          "type": "Trainer",
          "url": "https://pocket.limitlesstcg.com/cards/P-A/5",
          "name": "Pok\u00e9 Ball",
          "count": 2
        },
        {
          "type": "Trainer",
          "url": "https://pocket.limitlesstcg.com/cards/P-A/2",
          "name": "X Speed",
          "count": 2
        }
      ]
    },
    {
      "id": "maur00m",
      "name": "Maur00m",
      "placing": "9",
      "country": "CL",
      "decklist": [
        {
          "type": "Pok\u00e9mon",
          "url": "https://pocket.limitlesstcg.com/cards/A1/37",
          "name": "Vulpix (A1-37)",
          "count": 2
        },
        {
          "type": "Pok\u00e9mon",
          "url": "https://pocket.limitlesstcg.com/cards/A1/38",
          "name": "Ninetales (A1-38)",
          "count": 2
        },
        {
          "type": "Pok\u00e9mon",
          "url": "https://pocket.limitlesstcg.com/cards/A1/42",
          "name": "Ponyta (A1-42)",
          "count": 1
        },
        {
          "type": "Pok\u00e9mon",
          "url": "https://pocket.limitlesstcg.com/cards/A1a/10",
          "name": "Ponyta (A1a-10)",
          "count": 1
        },
        {
          "type": "Pok\u00e9mon",
          "url": "https://pocket.limitlesstcg.com/cards/A1/43",
          "name": "Rapidash (A1-43)",
          "count": 1
        },
        {
          "type": "Pok\u00e9mon",
          "url": "https://pocket.limitlesstcg.com/cards/A1a/11",
          "name": "Rapidash (A1a-11)",
          "count": 1
        },
        {
          "type": "Pok\u00e9mon",
          "url": "https://pocket.limitlesstcg.com/cards/A1/44",
          "name": "Magmar (A1-44)",
          "count": 1
        },
        {
          "type": "Trainer",
          "url": "https://pocket.limitlesstcg.com/cards/A1/221",
          "name": "Blaine",
          "count": 2
        },
        {
          "type": "Trainer",
          "url": "https://pocket.limitlesstcg.com/cards/P-A/7",
          "name": "Professor's Research",
          "count": 2
        },
        {
          "type": "Trainer",
          "url": "https://pocket.limitlesstcg.com/cards/A1/225",
          "name": "Sabrina",
          "count": 1
        },
        {
          "type": "Trainer",
          "url": "https://pocket.limitlesstcg.com/cards/A1a/68",
          "name": "Leaf",
          "count": 1
        },
        {
          "type": "Trainer",
          "url": "https://pocket.limitlesstcg.com/cards/P-A/5",
          "name": "Pok\u00e9 Ball",
          "count": 2
        },
        {
          "type": "Trainer",
          "url": "https://pocket.limitlesstcg.com/cards/P-A/1",
          "name": "Potion",
          "count": 2
        },
        {
          "type": "Trainer",
          "url": "https://pocket.limitlesstcg.com/cards/P-A/6",
          "name": "Red Card",
          "count": 1
        }
      ]
    },
    {
      "id": "darkmaster",
      "name": "DarkMaster",
      "placing": "10",
      "country": "NO",
      "decklist": [
        {
          "type": "Pok\u00e9mon",
          "url": "https://pocket.limitlesstcg.com/cards/A1a/17",
          "name": "Magikarp (A1a-17)",
          "count": 2
        },
        {
          "type": "Pok\u00e9mon",
          "url": "https://pocket.limitlesstcg.com/cards/A1a/18",
          "name": "Gyarados ex (A1a-18)",
          "count": 2
        },
        {
          "type": "Pok\u00e9mon",
          "url": "https://pocket.limitlesstcg.com/cards/A1/87",
          "name": "Froakie (A1-87)",
          "count": 2
        },
        {
          "type": "Pok\u00e9mon",
          "url": "https://pocket.limitlesstcg.com/cards/A1/88",
          "name": "Frogadier (A1-88)",
          "count": 2
        },
        {
          "type": "Pok\u00e9mon",
          "url": "https://pocket.limitlesstcg.com/cards/A1/89",
          "name": "Greninja (A1-89)",
          "count": 2
        },
        {
          "type": "Pok\u00e9mon",
          "url": "https://pocket.limitlesstcg.com/cards/A1a/56",
          "name": "Druddigon (A1a-56)",
          "count": 2
        },
        {
          "type": "Trainer",
          "url": "https://pocket.limitlesstcg.com/cards/P-A/7",
          "name": "Professor's Research",
          "count": 2
        },
        {
          "type": "Trainer",
          "url": "https://pocket.limitlesstcg.com/cards/A1a/68",
          "name": "Leaf",
          "count": 2
        },
        {
          "type": "Trainer",
          "url": "https://pocket.limitlesstcg.com/cards/A1/220",
          "name": "Misty",
          "count": 2
        },
        {
          "type": "Trainer",
          "url": "https://pocket.limitlesstcg.com/cards/P-A/5",
          "name": "Pok\u00e9 Ball",
          "count": 2
        }
      ]
    }
  ],
  "matches": [
    {
      "match_results": [
        {
          "player_id": "sezvyn",
          "score": 2
        },
        {
          "player_id": "torapapa",
          "score": 0
        }
      ]
    },
    {
      "match_results": [
        {
          "player_id": "woolencapdd",
          "score": 2
        },
        {
          "player_id": "maur00m",
          "score": 1
        }
      ]
    },
    {
      "match_results": [
        {
          "player_id": "edlomu",
          "score": 0
        },
        {
          "player_id": "binotto",
          "score": 0
        }
      ]
    },
    {
      "match_results": [
        {
          "player_id": "mmoure90",
          "score": 2
        },
        {
          "player_id": "a11seeingeye",
          "score": 0
        }
      ]
    },
    {
      "match_results": [
        {
          "player_id": "skoolx",
          "score": 1
        },
        {
          "player_id": "edlomu",
          "score": 2
        }
      ]
    },
    {
      "match_results": [
        {
          "player_id": "sezvyn",
          "score": 0
        },
        {
          "player_id": "woolencapdd",
          "score": 0
        }
      ]
    },
    {
      "match_results": [
        {
          "player_id": "mmoure90",
          "score": 0
        },
        {
          "player_id": "maur00m",
          "score": 0
        }
      ]
    },
    {
      "match_results": [
        {
          "player_id": "binotto",
          "score": 0
        },
        {
          "player_id": "a11seeingeye",
          "score": 0
        }
      ]
    },
    {
      "match_results": [
        {
          "player_id": "edlomu",
          "score": 0
        },
        {
          "player_id": "sezvyn",
          "score": 0
        }
      ]
    },
    {
      "match_results": [
        {
          "player_id": "mmoure90",
          "score": 0
        },
        {
          "player_id": "skoolx",
          "score": 0
        }
      ]
    },
    {
      "match_results": [
        {
          "player_id": "woolencapdd",
          "score": 2
        },
        {
          "player_id": "a11seeingeye",
          "score": 0
        }
      ]
    },
    {
      "match_results": [
        {
          "player_id": "binotto",
          "score": 0
        },
        {
          "player_id": "maur00m",
          "score": 0
        }
      ]
    },
    {
      "match_results": [
        {
          "player_id": "sezvyn",
          "score": 0
        },
        {
          "player_id": "mmoure90",
          "score": 0
        }
      ]
    },
    {
      "match_results": [
        {
          "player_id": "skoolx",
          "score": 1
        },
        {
          "player_id": "woolencapdd",
          "score": 2
        }
      ]
    },
    {
      "match_results": [
        {
          "player_id": "edlomu",
          "score": 0
        },
        {
          "player_id": "a11seeingeye",
          "score": 0
        }
      ]
    },
    {
      "match_results": [
        {
          "player_id": "sezvyn",
          "score": 2
        },
        {
          "player_id": "mmoure90",
          "score": 0
        }
      ]
    },
    {
      "match_results": [
        {
          "player_id": "woolencapdd",
          "score": 2
        },
        {
          "player_id": "skoolx",
          "score": 1
        }
      ]
    },
    {
      "match_results": [
        {
          "player_id": "sezvyn",
          "score": 1
        },
        {
          "player_id": "woolencapdd",
          "score": 2
        }
      ]
    }
  ]
}