{
  "id": "67ee7c48248f8e7960155a14",
  "name": "\ud83d\udd34\u26aa\ufe0f Only TOP 15 SvK Players ~ Prize 80\u20ac \u26aa\ufe0f\ud83d\udd34",
  "date": "2025-04-03T15:32:00.000Z",
  "organizer": "SvK Team",
  "format": "1",
  "nb_players": "15",
  "players": [
    {
      "id": "dachoso",
      "name": "[\ud835\ude4e\ud835\ude6b\ud835\ude46] | Dachoso",
      "placing": "1",
      "country": "IT",
      "decklist": [
        {
          "type": "Pok\u00e9mon",
          "url": "https://pocket.limitlesstcg.com/cards/A1/205",
          "name": "Ditto (A1-205)",
          "count": 1
        },
        {
          "type": "Trainer",
          "url": "https://pocket.limitlesstcg.com/cards/A2b/69",
          "name": "Iono",
          "count": 1
        },
        {
          "type": "Trainer",
          "url": "https://pocket.limitlesstcg.com/cards/A2b/70",
          "name": "Pok\u00e9mon Center Lady",
          "count": 1
        },
        {
          "type": "Trainer",
          "url": "https://pocket.limitlesstcg.com/cards/A2b/71",
          "name": "Red",
          "count": 1
        },
        {
          "type": "Trainer",
          "url": "https://pocket.limitlesstcg.com/cards/A2b/72",
          "name": "Team Rocket Grunt",
          "count": 1
        },
        {
          "type": "Trainer",
          "url": "https://pocket.limitlesstcg.com/cards/A2a/72",
          "name": "Irida",
          "count": 1
        },
        {
          "type": "Trainer",
          "url": "https://pocket.limitlesstcg.com/cards/A2a/73",
          "name": "Celestic Town Elder",
          "count": 1
        },
        {
          "type": "Trainer",
          "url": "https://pocket.limitlesstcg.com/cards/A2a/74",
          "name": "Barry",
          "count": 1
        },
        {
          "type": "Trainer",
          "url": "https://pocket.limitlesstcg.com/cards/A2a/75",
          "name": "Adaman",
          "count": 1
        },
        {
          "type": "Trainer",
          "url": "https://pocket.limitlesstcg.com/cards/A2/150",
          "name": "Cyrus",
          "count": 1
        },
        {
          "type": "Trainer",
          "url": "https://pocket.limitlesstcg.com/cards/A2/151",
          "name": "Team Galactic Grunt",
          "count": 1
        },
        {
          "type": "Trainer",
          "url": "https://pocket.limitlesstcg.com/cards/A2/152",
          "name": "Cynthia",
          "count": 1
        },
        {
          "type": "Trainer",
          "url": "https://pocket.limitlesstcg.com/cards/A2/153",
          "name": "Volkner",
          "count": 1
        },
        {
          "type": "Trainer",
          "url": "https://pocket.limitlesstcg.com/cards/A2/154",
          "name": "Dawn",
          "count": 1
        },
        {
          "type": "Trainer",
          "url": "https://pocket.limitlesstcg.com/cards/A2/155",
          "name": "Mars",
          "count": 1
        },
        {
          "type": "Trainer",
          "url": "https://pocket.limitlesstcg.com/cards/A1a/66",
          "name": "Budding Expeditioner",
          "count": 1
        },
        {
          "type": "Trainer",
          "url": "https://pocket.limitlesstcg.com/cards/A1a/67",
          "name": "Blue",
          "count": 1
        },
        {
          "type": "Trainer",
          "url": "https://pocket.limitlesstcg.com/cards/A1a/68",
          "name": "Leaf",
          "count": 1
        },
        {
          "type": "Trainer",
          "url": "https://pocket.limitlesstcg.com/cards/A1/219",
          "name": "Erika",
          "count": 1
        },
        {
          "type": "Trainer",
          "url": "https://pocket.limitlesstcg.com/cards/A1/220",
          "name": "Misty",
          "count": 1
        }
      ]
    },
    {
      "id": "rome90",
      "name": "[\ud835\ude4e\ud835\ude6b\ud835\ude46] | Rome90",
      "placing": "2",
      "country": "IT",
      "decklist": [
        {
          "type": "Pok\u00e9mon",
          "url": "https://pocket.limitlesstcg.com/cards/A2/110",
          "name": "Darkrai ex (A2-110)",
          "count": 2
        },
        {
          "type": "Pok\u00e9mon",
          "url": "https://pocket.limitlesstcg.com/cards/A2b/35",
          "name": "Giratina ex (A2b-35)",
          "count": 2
        },
        {
          "type": "Trainer",
          "url": "https://pocket.limitlesstcg.com/cards/A2b/71",
          "name": "Red",
          "count": 2
        },
        {
          "type": "Trainer",
          "url": "https://pocket.limitlesstcg.com/cards/P-A/7",
          "name": "Professor's Research",
          "count": 2
        },
        {
          "type": "Trainer",
          "url": "https://pocket.limitlesstcg.com/cards/A2b/70",
          "name": "Pok\u00e9mon Center Lady",
          "count": 1
        },
        {
          "type": "Trainer",
          "url": "https://pocket.limitlesstcg.com/cards/A1/225",
          "name": "Sabrina",
          "count": 1
        },
        {
          "type": "Trainer",
          "url": "https://pocket.limitlesstcg.com/cards/A2/150",
          "name": "Cyrus",
          "count": 1
        },
        {
          "type": "Trainer",
          "url": "https://pocket.limitlesstcg.com/cards/A1a/68",
          "name": "Leaf",
          "count": 1
        },
        {
          "type": "Trainer",
          "url": "https://pocket.limitlesstcg.com/cards/A2/154",
          "name": "Dawn",
          "count": 1
        },
        {
          "type": "Trainer",
          "url": "https://pocket.limitlesstcg.com/cards/A2/155",
          "name": "Mars",
          "count": 1
        },
        {
          "type": "Trainer",
          "url": "https://pocket.limitlesstcg.com/cards/P-A/5",
          "name": "Pok\u00e9 Ball",
          "count": 2
        },
        {
          "type": "Trainer",
          "url": "https://pocket.limitlesstcg.com/cards/P-A/1",
          "name": "Potion",
          "count": 2
        },
        {
          "type": "Trainer",
          "url": "https://pocket.limitlesstcg.com/cards/A2/147",
          "name": "Giant Cape",
          "count": 2
        }
      ]
    },
    {
      "id": "cnemo",
      "name": "[\ud835\ude4e\ud835\ude6b\ud835\ude46] | CNemo",
      "placing": "3",
      "country": "IT",
      "decklist": []
    },
    {
      "id": "pippogranita",
      "name": "[\ud835\ude4e\ud835\ude6b\ud835\ude46] | Pok\u00e8C.",
      "placing": "4",
      "country": "IT",
      "decklist": []
    },
    {
      "id": "threevela",
      "name": "[\ud835\ude4e\ud835\ude6b\ud835\ude46] | ThreeVela",
      "placing": "5",
      "country": "IT",
      "decklist": [
        {
          "type": "Pok\u00e9mon",
          "url": "https://pocket.limitlesstcg.com/cards/A2b/18",
          "name": "Wiglett (A2b-18)",
          "count": 2
        },
        {
          "type": "Pok\u00e9mon",
          "url": "https://pocket.limitlesstcg.com/cards/A2b/19",
          "name": "Wugtrio ex (A2b-19)",
          "count": 2
        },
        {
          "type": "Pok\u00e9mon",
          "url": "https://pocket.limitlesstcg.com/cards/A2/50",
          "name": "Manaphy (A2-50)",
          "count": 2
        },
        {
          "type": "Pok\u00e9mon",
          "url": "https://pocket.limitlesstcg.com/cards/A2/49",
          "name": "Palkia ex (A2-49)",
          "count": 1
        },
        {
          "type": "Trainer",
          "url": "https://pocket.limitlesstcg.com/cards/A2/154",
          "name": "Dawn",
          "count": 2
        },
        {
          "type": "Trainer",
          "url": "https://pocket.limitlesstcg.com/cards/A2a/72",
          "name": "Irida",
          "count": 2
        },
        {
          "type": "Trainer",
          "url": "https://pocket.limitlesstcg.com/cards/P-A/7",
          "name": "Professor's Research",
          "count": 2
        },
        {
          "type": "Trainer",
          "url": "https://pocket.limitlesstcg.com/cards/A2b/69",
          "name": "Iono",
          "count": 1
        },
        {
          "type": "Trainer",
          "url": "https://pocket.limitlesstcg.com/cards/P-A/5",
          "name": "Pok\u00e9 Ball",
          "count": 2
        },
        {
          "type": "Trainer",
          "url": "https://pocket.limitlesstcg.com/cards/P-A/2",
          "name": "X Speed",
          "count": 2
        },
        {
          "type": "Trainer",
          "url": "https://pocket.limitlesstcg.com/cards/A2/146",
          "name": "Pok\u00e9mon Communication",
          "count": 1
        },
        {
          "type": "Trainer",
          "url": "https://pocket.limitlesstcg.com/cards/A2/147",
          "name": "Giant Cape",
          "count": 1
        }
      ]
    },
    {
      "id": "stachyv2",
      "name": "[\ud835\ude4e\ud835\ude6b\ud835\ude46] | Stachy",
      "placing": "5",
      "country": "IT",
      "decklist": []
    },
    {
      "id": "pokemike",
      "name": "[\ud835\ude4e\ud835\ude6b\ud835\ude46] | PokeMike",
      "placing": "7",
      "country": "IT",
      "decklist": [
        {
          "type": "Pok\u00e9mon",
          "url": "https://pocket.limitlesstcg.com/cards/A1/198",
          "name": "Farfetch'd (A1-198)",
          "count": 2
        },
        {
          "type": "Trainer",
          "url": "https://pocket.limitlesstcg.com/cards/A2b/70",
          "name": "Pok\u00e9mon Center Lady",
          "count": 2
        },
        {
          "type": "Trainer",
          "url": "https://pocket.limitlesstcg.com/cards/A2b/69",
          "name": "Iono",
          "count": 2
        },
        {
          "type": "Trainer",
          "url": "https://pocket.limitlesstcg.com/cards/A2b/71",
          "name": "Red",
          "count": 2
        },
        {
          "type": "Trainer",
          "url": "https://pocket.limitlesstcg.com/cards/A2b/72",
          "name": "Team Rocket Grunt",
          "count": 2
        },
        {
          "type": "Trainer",
          "url": "https://pocket.limitlesstcg.com/cards/A2a/73",
          "name": "Celestic Town Elder",
          "count": 2
        },
        {
          "type": "Trainer",
          "url": "https://pocket.limitlesstcg.com/cards/A2/155",
          "name": "Mars",
          "count": 1
        },
        {
          "type": "Trainer",
          "url": "https://pocket.limitlesstcg.com/cards/P-A/5",
          "name": "Pok\u00e9 Ball",
          "count": 2
        },
        {
          "type": "Trainer",
          "url": "https://pocket.limitlesstcg.com/cards/A2/146",
          "name": "Pok\u00e9mon Communication",
          "count": 1
        },
        {
          "type": "Trainer",
          "url": "https://pocket.limitlesstcg.com/cards/A2/148",
          "name": "Rocky Helmet",
          "count": 2
        },
        {
          "type": "Trainer",
          "url": "https://pocket.limitlesstcg.com/cards/A2/147",
          "name": "Giant Cape",
          "count": 2
        }
      ]
    },
    {
      "id": "beppeeeable",
      "name": "[\ud835\ude4e\ud835\ude6b\ud835\ude46] | Beppeeeable",
      "placing": "7",
      "country": "IT",
      "decklist": [
        {
          "type": "Pok\u00e9mon",
          "url": "https://pocket.limitlesstcg.com/cards/A2/68",
          "name": "Ralts (A2-68)",
          "count": 2
        },
        {
          "type": "Pok\u00e9mon",
          "url": "https://pocket.limitlesstcg.com/cards/A2/69",
          "name": "Kirlia (A2-69)",
          "count": 2
        },
        {
          "type": "Pok\u00e9mon",
          "url": "https://pocket.limitlesstcg.com/cards/A2/95",
          "name": "Gallade ex (A2-95)",
          "count": 2
        },
        {
          "type": "Pok\u00e9mon",
          "url": "https://pocket.limitlesstcg.com/cards/A1/154",
          "name": "Hitmonlee (A1-154)",
          "count": 2
        },
        {
          "type": "Pok\u00e9mon",
          "url": "https://pocket.limitlesstcg.com/cards/A1a/47",
          "name": "Marshadow (A1a-47)",
          "count": 1
        },
        {
          "type": "Trainer",
          "url": "https://pocket.limitlesstcg.com/cards/A2/150",
          "name": "Cyrus",
          "count": 2
        },
        {
          "type": "Trainer",
          "url": "https://pocket.limitlesstcg.com/cards/P-A/7",
          "name": "Professor's Research",
          "count": 2
        },
        {
          "type": "Trainer",
          "url": "https://pocket.limitlesstcg.com/cards/A1/225",
          "name": "Sabrina",
          "count": 1
        },
        {
          "type": "Trainer",
          "url": "https://pocket.limitlesstcg.com/cards/A2b/71",
          "name": "Red",
          "count": 1
        },
        {
          "type": "Trainer",
          "url": "https://pocket.limitlesstcg.com/cards/A2/155",
          "name": "Mars",
          "count": 1
        },
        {
          "type": "Trainer",
          "url": "https://pocket.limitlesstcg.com/cards/P-A/5",
          "name": "Pok\u00e9 Ball",
          "count": 2
        },
        {
          "type": "Trainer",
          "url": "https://pocket.limitlesstcg.com/cards/A2/146",
          "name": "Pok\u00e9mon Communication",
          "count": 1
        },
        {
          "type": "Trainer",
          "url": "https://pocket.limitlesstcg.com/cards/A2/148",
          "name": "Rocky Helmet",
          "count": 1
        }
      ]
    },
    {
      "id": "vinsgg",
      "name": "[\ud835\ude4e\ud835\ude6b\ud835\ude46] | VinsGG",
      "placing": "9",
      "country": "IT",
      "decklist": [
        {
          "type": "Pok\u00e9mon",
          "url": "https://pocket.limitlesstcg.com/cards/A2b/5",
          "name": "Sprigatito (A2b-5)",
          "count": 2
        },
        {
          "type": "Pok\u00e9mon",
          "url": "https://pocket.limitlesstcg.com/cards/A2b/6",
          "name": "Floragato (A2b-6)",
          "count": 2
        },
        {
          "type": "Pok\u00e9mon",
          "url": "https://pocket.limitlesstcg.com/cards/A2b/7",
          "name": "Meowscarada (A2b-7)",
          "count": 2
        },
        {
          "type": "Pok\u00e9mon",
          "url": "https://pocket.limitlesstcg.com/cards/P-A/22",
          "name": "Jigglypuff (P-A-22)",
          "count": 1
        },
        {
          "type": "Pok\u00e9mon",
          "url": "https://pocket.limitlesstcg.com/cards/A2b/61",
          "name": "Wigglytuff (A2b-61)",
          "count": 1
        },
        {
          "type": "Trainer",
          "url": "https://pocket.limitlesstcg.com/cards/P-A/7",
          "name": "Professor's Research",
          "count": 2
        },
        {
          "type": "Trainer",
          "url": "https://pocket.limitlesstcg.com/cards/A1/219",
          "name": "Erika",
          "count": 2
        },
        {
          "type": "Trainer",
          "url": "https://pocket.limitlesstcg.com/cards/A1/225",
          "name": "Sabrina",
          "count": 1
        },
        {
          "type": "Trainer",
          "url": "https://pocket.limitlesstcg.com/cards/A2b/71",
          "name": "Red",
          "count": 1
        },
        {
          "type": "Trainer",
          "url": "https://pocket.limitlesstcg.com/cards/A2/150",
          "name": "Cyrus",
          "count": 1
        },
        {
          "type": "Trainer",
          "url": "https://pocket.limitlesstcg.com/cards/A2b/72",
          "name": "Team Rocket Grunt",
          "count": 1
        },
        {
          "type": "Trainer",
          "url": "https://pocket.limitlesstcg.com/cards/P-A/5",
          "name": "Pok\u00e9 Ball",
          "count": 2
        },
        {
          "type": "Trainer",
          "url": "https://pocket.limitlesstcg.com/cards/A2/147",
          "name": "Giant Cape",
          "count": 2
        }
      ]
    },
    {
      "id": "brgnerd",
      "name": "[\ud835\ude4e\ud835\ude6b\ud835\ude46] | BorgoNerd",
      "placing": "9",
      "country": "IT",
      "decklist": []
    },
    {
      "id": "felabor",
      "name": "[\ud835\ude4e\ud835\ude6b\ud835\ude46] | Felabor",
      "placing": "9",
      "country": "IT",
      "decklist": []
    },
    {
      "id": "maus10",
      "name": "[\ud835\ude4e\ud835\ude6b\ud835\ude46] | maus10",
      "placing": "9",
      "country": "IT",
      "decklist": []
    },
    {
      "id": "mattidgs",
      "name": "[\ud835\ude4e\ud835\ude6b\ud835\ude46] | MattiDGS",
      "placing": "13",
      "country": "IT",
      "decklist": []
    },
    {
      "id": "manutan",
      "name": "[\ud835\ude4e\ud835\ude6b\ud835\ude46] | Manutan",
      "placing": "13",
      "country": "IT",
      "decklist": []
    },
    {
      "id": "denisls",
      "name": "[\ud835\ude4e\ud835\ude6b\ud835\ude46] | Denisls",
      "placing": "13",
      "country": "IT",
      "decklist": [
        {
          "type": "Pok\u00e9mon",
          "url": "https://pocket.limitlesstcg.com/cards/A2/110",
          "name": "Darkrai ex (A2-110)",
          "count": 2
        },
        {
          "type": "Pok\u00e9mon",
          "url": "https://pocket.limitlesstcg.com/cards/A2b/35",
          "name": "Giratina ex (A2b-35)",
          "count": 2
        },
        {
          "type": "Trainer",
          "url": "https://pocket.limitlesstcg.com/cards/A2b/71",
          "name": "Red",
          "count": 2
        },
        {
          "type": "Trainer",
          "url": "https://pocket.limitlesstcg.com/cards/P-A/7",
          "name": "Professor's Research",
          "count": 2
        },
        {
          "type": "Trainer",
          "url": "https://pocket.limitlesstcg.com/cards/A2b/70",
          "name": "Pok\u00e9mon Center Lady",
          "count": 2
        },
        {
          "type": "Trainer",
          "url": "https://pocket.limitlesstcg.com/cards/A2/154",
          "name": "Dawn",
          "count": 1
        },
        {
          "type": "Trainer",
          "url": "https://pocket.limitlesstcg.com/cards/A2b/72",
          "name": "Team Rocket Grunt",
          "count": 1
        },
        {
          "type": "Trainer",
          "url": "https://pocket.limitlesstcg.com/cards/A1/225",
          "name": "Sabrina",
          "count": 1
        },
        {
          "type": "Trainer",
          "url": "https://pocket.limitlesstcg.com/cards/A2/150",
          "name": "Cyrus",
          "count": 1
        },
        {
          "type": "Trainer",
          "url": "https://pocket.limitlesstcg.com/cards/A1a/68",
          "name": "Leaf",
          "count": 1
        },
        {
          "type": "Trainer",
          "url": "https://pocket.limitlesstcg.com/cards/P-A/5",
          "name": "Pok\u00e9 Ball",
          "count": 2
        },
        {
          "type": "Trainer",
          "url": "https://pocket.limitlesstcg.com/cards/A2/147",
          "name": "Giant Cape",
          "count": 2
        },
        {
          "type": "Trainer",
          "url": "https://pocket.limitlesstcg.com/cards/A2/148",
          "name": "Rocky Helmet",
          "count": 1
        }
      ]
    }
  ],
  "matches": [
    {
      "match_results": [
        {
          "player_id": "pippogranita",
          "score": 2
        },
        {
          "player_id": "pokemike",
          "score": 1
        }
      ]
    },
    {
      "match_results": [
        {
          "player_id": "rome90",
          "score": 2
        },
        {
          "player_id": "mattidgs",
          "score": 1
        }
      ]
    },
    {
      "match_results": [
        {
          "player_id": "brgnerd",
          "score": 0
        },
        {
          "player_id": "felabor",
          "score": 2
        }
      ]
    },
    {
      "match_results": [
        {
          "player_id": "manutan",
          "score": 1
        },
        {
          "player_id": "cnemo",
          "score": 2
        }
      ]
    },
    {
      "match_results": [
        {
          "player_id": "stachyv2",
          "score": 2
        },
        {
          "player_id": "beppeeeable",
          "score": 0
        }
      ]
    },
    {
      "match_results": [
        {
          "player_id": "dachoso",
          "score": 1
        },
        {
          "player_id": "vinsgg",
          "score": 2
        }
      ]
    },
    {
      "match_results": [
        {
          "player_id": "threevela",
          "score": 2
        },
        {
          "player_id": "denisls",
          "score": 1
        }
      ]
    },
    {
      "match_results": [
        {
          "player_id": "maus10",
          "score": 0
        },
        {
          "player_id": "pippogranita",
          "score": 2
        }
      ]
    },
    {
      "match_results": [
        {
          "player_id": "rome90",
          "score": 2
        },
        {
          "player_id": "felabor",
          "score": 0
        }
      ]
    },
    {
      "match_results": [
        {
          "player_id": "cnemo",
          "score": 2
        },
        {
          "player_id": "stachyv2",
          "score": 0
        }
      ]
    },
    {
      "match_results": [
        {
          "player_id": "vinsgg",
          "score": 1
        },
        {
          "player_id": "threevela",
          "score": 2
        }
      ]
    },
    {
      "match_results": [
        {
          "player_id": "pippogranita",
          "score": 0
        },
        {
          "player_id": "rome90",
          "score": 2
        }
      ]
    },
    {
      "match_results": [
        {
          "player_id": "cnemo",
          "score": 2
        },
        {
          "player_id": "threevela",
          "score": 0
        }
      ]
    },
    {
      "match_results": [
        {
          "player_id": "rome90",
          "score": 2
        },
        {
          "player_id": "cnemo",
          "score": 0
        }
      ]
    },
    {
      "match_results": [
        {
          "player_id": "rome90",
          "score": 1
        },
        {
          "player_id": "dachoso",
          "score": 2
        }
      ]
    },
    {
      "match_results": [
        {
          "player_id": "dachoso",
          "score": 2
        },
        {
          "player_id": "rome90",
          "score": 0
        }
      ]
    }
  ]
}