{
  "id": "6808540457322cac4624c52b",
  "name": "Pelad\u00e3o Pocket \u2022 Stage #11",
  "date": "2025-04-27T22:30:00.000Z",
  "organizer": "Battle Factory & Pok\u00e9pauper BR",
  "format": "1",
  "nb_players": "30",
  "players": [
    {
      "id": "claudia_uwu",
      "name": "Claudia_uwu",
      "placing": "1",
      "country": "US",
      "decklist": [
        {
          "type": "Pok\u00e9mon",
          "url": "https://pocket.limitlesstcg.com/cards/A1a/17",
          "name": "Magikarp (A1a-17)",
          "count": 2
        },
        {
          "type": "Pok\u00e9mon",
          "url": "https://pocket.limitlesstcg.com/cards/A1a/18",
          "name": "Gyarados ex (A1a-18)",
          "count": 2
        },
        {
          "type": "Pok\u00e9mon",
          "url": "https://pocket.limitlesstcg.com/cards/A2/50",
          "name": "Manaphy (A2-50)",
          "count": 2
        },
        {
          "type": "Pok\u00e9mon",
          "url": "https://pocket.limitlesstcg.com/cards/A2a/23",
          "name": "Origin Forme Palkia (A2a-23)",
          "count": 1
        },
        {
          "type": "Trainer",
          "url": "https://pocket.limitlesstcg.com/cards/P-A/7",
          "name": "Professor's Research",
          "count": 2
        },
        {
          "type": "Trainer",
          "url": "https://pocket.limitlesstcg.com/cards/A1/220",
          "name": "Misty",
          "count": 2
        },
        {
          "type": "Trainer",
          "url": "https://pocket.limitlesstcg.com/cards/A1/225",
          "name": "Sabrina",
          "count": 1
        },
        {
          "type": "Trainer",
          "url": "https://pocket.limitlesstcg.com/cards/A2a/72",
          "name": "Irida",
          "count": 1
        },
        {
          "type": "Trainer",
          "url": "https://pocket.limitlesstcg.com/cards/A2b/71",
          "name": "Red",
          "count": 1
        },
        {
          "type": "Trainer",
          "url": "https://pocket.limitlesstcg.com/cards/A2/155",
          "name": "Mars",
          "count": 1
        },
        {
          "type": "Trainer",
          "url": "https://pocket.limitlesstcg.com/cards/P-A/5",
          "name": "Pok\u00e9 Ball",
          "count": 2
        },
        {
          "type": "Trainer",
          "url": "https://pocket.limitlesstcg.com/cards/A2/146",
          "name": "Pok\u00e9mon Communication",
          "count": 1
        },
        {
          "type": "Trainer",
          "url": "https://pocket.limitlesstcg.com/cards/A2/147",
          "name": "Giant Cape",
          "count": 1
        },
        {
          "type": "Trainer",
          "url": "https://pocket.limitlesstcg.com/cards/A2/148",
          "name": "Rocky Helmet",
          "count": 1
        }
      ]
    },
    {
      "id": "learnednat",
      "name": "LearnedNat",
      "placing": "2",
      "country": "BR",
      "decklist": [
        {
          "type": "Pok\u00e9mon",
          "url": "https://pocket.limitlesstcg.com/cards/A1/21",
          "name": "Exeggcute (A1-21)",
          "count": 2
        },
        {
          "type": "Pok\u00e9mon",
          "url": "https://pocket.limitlesstcg.com/cards/A1/23",
          "name": "Exeggutor ex (A1-23)",
          "count": 2
        },
        {
          "type": "Pok\u00e9mon",
          "url": "https://pocket.limitlesstcg.com/cards/A2a/9",
          "name": "Carnivine (A2a-9)",
          "count": 2
        },
        {
          "type": "Pok\u00e9mon",
          "url": "https://pocket.limitlesstcg.com/cards/A2a/71",
          "name": "Arceus ex (A2a-71)",
          "count": 2
        },
        {
          "type": "Trainer",
          "url": "https://pocket.limitlesstcg.com/cards/P-A/7",
          "name": "Professor's Research",
          "count": 2
        },
        {
          "type": "Trainer",
          "url": "https://pocket.limitlesstcg.com/cards/A1a/68",
          "name": "Leaf",
          "count": 2
        },
        {
          "type": "Trainer",
          "url": "https://pocket.limitlesstcg.com/cards/A2b/70",
          "name": "Pok\u00e9mon Center Lady",
          "count": 1
        },
        {
          "type": "Trainer",
          "url": "https://pocket.limitlesstcg.com/cards/A1/225",
          "name": "Sabrina",
          "count": 1
        },
        {
          "type": "Trainer",
          "url": "https://pocket.limitlesstcg.com/cards/A2/150",
          "name": "Cyrus",
          "count": 1
        },
        {
          "type": "Trainer",
          "url": "https://pocket.limitlesstcg.com/cards/A2/155",
          "name": "Mars",
          "count": 1
        },
        {
          "type": "Trainer",
          "url": "https://pocket.limitlesstcg.com/cards/A2b/71",
          "name": "Red",
          "count": 1
        },
        {
          "type": "Trainer",
          "url": "https://pocket.limitlesstcg.com/cards/P-A/5",
          "name": "Pok\u00e9 Ball",
          "count": 2
        },
        {
          "type": "Trainer",
          "url": "https://pocket.limitlesstcg.com/cards/A2/147",
          "name": "Giant Cape",
          "count": 1
        }
      ]
    },
    {
      "id": "princedillon",
      "name": "PrinceDillon",
      "placing": "3",
      "country": "CA",
      "decklist": [
        {
          "type": "Pok\u00e9mon",
          "url": "https://pocket.limitlesstcg.com/cards/A2/110",
          "name": "Darkrai ex (A2-110)",
          "count": 2
        },
        {
          "type": "Pok\u00e9mon",
          "url": "https://pocket.limitlesstcg.com/cards/A2b/35",
          "name": "Giratina ex (A2b-35)",
          "count": 2
        },
        {
          "type": "Trainer",
          "url": "https://pocket.limitlesstcg.com/cards/P-A/7",
          "name": "Professor's Research",
          "count": 2
        },
        {
          "type": "Trainer",
          "url": "https://pocket.limitlesstcg.com/cards/A2b/70",
          "name": "Pok\u00e9mon Center Lady",
          "count": 1
        },
        {
          "type": "Trainer",
          "url": "https://pocket.limitlesstcg.com/cards/A2b/71",
          "name": "Red",
          "count": 1
        },
        {
          "type": "Trainer",
          "url": "https://pocket.limitlesstcg.com/cards/A1/225",
          "name": "Sabrina",
          "count": 1
        },
        {
          "type": "Trainer",
          "url": "https://pocket.limitlesstcg.com/cards/A2/150",
          "name": "Cyrus",
          "count": 1
        },
        {
          "type": "Trainer",
          "url": "https://pocket.limitlesstcg.com/cards/A1a/68",
          "name": "Leaf",
          "count": 1
        },
        {
          "type": "Trainer",
          "url": "https://pocket.limitlesstcg.com/cards/A2/155",
          "name": "Mars",
          "count": 1
        },
        {
          "type": "Trainer",
          "url": "https://pocket.limitlesstcg.com/cards/A2b/72",
          "name": "Team Rocket Grunt",
          "count": 1
        },
        {
          "type": "Trainer",
          "url": "https://pocket.limitlesstcg.com/cards/P-A/5",
          "name": "Pok\u00e9 Ball",
          "count": 2
        },
        {
          "type": "Trainer",
          "url": "https://pocket.limitlesstcg.com/cards/P-A/1",
          "name": "Potion",
          "count": 2
        },
        {
          "type": "Trainer",
          "url": "https://pocket.limitlesstcg.com/cards/A2/147",
          "name": "Giant Cape",
          "count": 2
        },
        {
          "type": "Trainer",
          "url": "https://pocket.limitlesstcg.com/cards/A2/148",
          "name": "Rocky Helmet",
          "count": 1
        }
      ]
    },
    {
      "id": "rere10",
      "name": "rere10",
      "placing": "4",
      "country": null,
      "decklist": [
        {
          "type": "Pok\u00e9mon",
          "url": "https://pocket.limitlesstcg.com/cards/A2/88",
          "name": "Cranidos (A2-88)",
          "count": 2
        },
        {
          "type": "Pok\u00e9mon",
          "url": "https://pocket.limitlesstcg.com/cards/A2/89",
          "name": "Rampardos (A2-89)",
          "count": 2
        },
        {
          "type": "Pok\u00e9mon",
          "url": "https://pocket.limitlesstcg.com/cards/A1/154",
          "name": "Hitmonlee (A1-154)",
          "count": 2
        },
        {
          "type": "Pok\u00e9mon",
          "url": "https://pocket.limitlesstcg.com/cards/A2a/36",
          "name": "Sudowoodo (A2a-36)",
          "count": 1
        },
        {
          "type": "Pok\u00e9mon",
          "url": "https://pocket.limitlesstcg.com/cards/A1a/47",
          "name": "Marshadow (A1a-47)",
          "count": 1
        },
        {
          "type": "Trainer",
          "url": "https://pocket.limitlesstcg.com/cards/P-A/7",
          "name": "Professor's Research",
          "count": 2
        },
        {
          "type": "Trainer",
          "url": "https://pocket.limitlesstcg.com/cards/A2b/72",
          "name": "Team Rocket Grunt",
          "count": 1
        },
        {
          "type": "Trainer",
          "url": "https://pocket.limitlesstcg.com/cards/A1/225",
          "name": "Sabrina",
          "count": 1
        },
        {
          "type": "Trainer",
          "url": "https://pocket.limitlesstcg.com/cards/A2/150",
          "name": "Cyrus",
          "count": 1
        },
        {
          "type": "Trainer",
          "url": "https://pocket.limitlesstcg.com/cards/P-A/5",
          "name": "Pok\u00e9 Ball",
          "count": 2
        },
        {
          "type": "Trainer",
          "url": "https://pocket.limitlesstcg.com/cards/A2/144",
          "name": "Skull Fossil",
          "count": 2
        },
        {
          "type": "Trainer",
          "url": "https://pocket.limitlesstcg.com/cards/A2/146",
          "name": "Pok\u00e9mon Communication",
          "count": 1
        },
        {
          "type": "Trainer",
          "url": "https://pocket.limitlesstcg.com/cards/A2/147",
          "name": "Giant Cape",
          "count": 1
        },
        {
          "type": "Trainer",
          "url": "https://pocket.limitlesstcg.com/cards/A2/148",
          "name": "Rocky Helmet",
          "count": 1
        }
      ]
    },
    {
      "id": "bigmack",
      "name": "Zombie Dragon",
      "placing": "5",
      "country": "US",
      "decklist": [
        {
          "type": "Pok\u00e9mon",
          "url": "https://pocket.limitlesstcg.com/cards/A1a/17",
          "name": "Magikarp (A1a-17)",
          "count": 2
        },
        {
          "type": "Pok\u00e9mon",
          "url": "https://pocket.limitlesstcg.com/cards/A1a/18",
          "name": "Gyarados ex (A1a-18)",
          "count": 2
        },
        {
          "type": "Pok\u00e9mon",
          "url": "https://pocket.limitlesstcg.com/cards/A2/50",
          "name": "Manaphy (A2-50)",
          "count": 2
        },
        {
          "type": "Pok\u00e9mon",
          "url": "https://pocket.limitlesstcg.com/cards/A2a/23",
          "name": "Origin Forme Palkia (A2a-23)",
          "count": 1
        },
        {
          "type": "Trainer",
          "url": "https://pocket.limitlesstcg.com/cards/P-A/7",
          "name": "Professor's Research",
          "count": 2
        },
        {
          "type": "Trainer",
          "url": "https://pocket.limitlesstcg.com/cards/A2a/72",
          "name": "Irida",
          "count": 2
        },
        {
          "type": "Trainer",
          "url": "https://pocket.limitlesstcg.com/cards/A1/220",
          "name": "Misty",
          "count": 2
        },
        {
          "type": "Trainer",
          "url": "https://pocket.limitlesstcg.com/cards/A2b/71",
          "name": "Red",
          "count": 1
        },
        {
          "type": "Trainer",
          "url": "https://pocket.limitlesstcg.com/cards/A1/225",
          "name": "Sabrina",
          "count": 1
        },
        {
          "type": "Trainer",
          "url": "https://pocket.limitlesstcg.com/cards/P-A/5",
          "name": "Pok\u00e9 Ball",
          "count": 2
        },
        {
          "type": "Trainer",
          "url": "https://pocket.limitlesstcg.com/cards/A2/146",
          "name": "Pok\u00e9mon Communication",
          "count": 1
        },
        {
          "type": "Trainer",
          "url": "https://pocket.limitlesstcg.com/cards/A2/148",
          "name": "Rocky Helmet",
          "count": 2
        }
      ]
    },
    {
      "id": "nickdmv",
      "name": "Nickdmv",
      "placing": "6",
      "country": "US",
      "decklist": [
        {
          "type": "Pok\u00e9mon",
          "url": "https://pocket.limitlesstcg.com/cards/A2b/35",
          "name": "Giratina ex (A2b-35)",
          "count": 2
        },
        {
          "type": "Pok\u00e9mon",
          "url": "https://pocket.limitlesstcg.com/cards/A2/110",
          "name": "Darkrai ex (A2-110)",
          "count": 2
        },
        {
          "type": "Trainer",
          "url": "https://pocket.limitlesstcg.com/cards/P-A/7",
          "name": "Professor's Research",
          "count": 2
        },
        {
          "type": "Trainer",
          "url": "https://pocket.limitlesstcg.com/cards/A1/225",
          "name": "Sabrina",
          "count": 1
        },
        {
          "type": "Trainer",
          "url": "https://pocket.limitlesstcg.com/cards/A1a/68",
          "name": "Leaf",
          "count": 1
        },
        {
          "type": "Trainer",
          "url": "https://pocket.limitlesstcg.com/cards/A2/154",
          "name": "Dawn",
          "count": 1
        },
        {
          "type": "Trainer",
          "url": "https://pocket.limitlesstcg.com/cards/A2/155",
          "name": "Mars",
          "count": 1
        },
        {
          "type": "Trainer",
          "url": "https://pocket.limitlesstcg.com/cards/A2b/70",
          "name": "Pok\u00e9mon Center Lady",
          "count": 1
        },
        {
          "type": "Trainer",
          "url": "https://pocket.limitlesstcg.com/cards/A2b/71",
          "name": "Red",
          "count": 1
        },
        {
          "type": "Trainer",
          "url": "https://pocket.limitlesstcg.com/cards/A2/150",
          "name": "Cyrus",
          "count": 1
        },
        {
          "type": "Trainer",
          "url": "https://pocket.limitlesstcg.com/cards/P-A/1",
          "name": "Potion",
          "count": 2
        },
        {
          "type": "Trainer",
          "url": "https://pocket.limitlesstcg.com/cards/P-A/5",
          "name": "Pok\u00e9 Ball",
          "count": 2
        },
        {
          "type": "Trainer",
          "url": "https://pocket.limitlesstcg.com/cards/A2/147",
          "name": "Giant Cape",
          "count": 2
        },
        {
          "type": "Trainer",
          "url": "https://pocket.limitlesstcg.com/cards/A2/148",
          "name": "Rocky Helmet",
          "count": 1
        }
      ]
    },
    {
      "id": "spring_pocket487",
      "name": "spring_pocket487",
      "placing": "7",
      "country": "HK",
      "decklist": [
        {
          "type": "Pok\u00e9mon",
          "url": "https://pocket.limitlesstcg.com/cards/A2b/8",
          "name": "Charmander (A2b-8)",
          "count": 2
        },
        {
          "type": "Pok\u00e9mon",
          "url": "https://pocket.limitlesstcg.com/cards/A2b/9",
          "name": "Charmeleon (A2b-9)",
          "count": 2
        },
        {
          "type": "Pok\u00e9mon",
          "url": "https://pocket.limitlesstcg.com/cards/A1/36",
          "name": "Charizard ex (A1-36)",
          "count": 2
        },
        {
          "type": "Pok\u00e9mon",
          "url": "https://pocket.limitlesstcg.com/cards/A1/47",
          "name": "Moltres ex (A1-47)",
          "count": 2
        },
        {
          "type": "Trainer",
          "url": "https://pocket.limitlesstcg.com/cards/P-A/7",
          "name": "Professor's Research",
          "count": 2
        },
        {
          "type": "Trainer",
          "url": "https://pocket.limitlesstcg.com/cards/A2b/69",
          "name": "Iono",
          "count": 2
        },
        {
          "type": "Trainer",
          "url": "https://pocket.limitlesstcg.com/cards/A2/155",
          "name": "Mars",
          "count": 1
        },
        {
          "type": "Trainer",
          "url": "https://pocket.limitlesstcg.com/cards/P-A/2",
          "name": "X Speed",
          "count": 2
        },
        {
          "type": "Trainer",
          "url": "https://pocket.limitlesstcg.com/cards/P-A/5",
          "name": "Pok\u00e9 Ball",
          "count": 2
        },
        {
          "type": "Trainer",
          "url": "https://pocket.limitlesstcg.com/cards/A2/146",
          "name": "Pok\u00e9mon Communication",
          "count": 2
        },
        {
          "type": "Trainer",
          "url": "https://pocket.limitlesstcg.com/cards/A2/147",
          "name": "Giant Cape",
          "count": 1
        }
      ]
    },
    {
      "id": "whitewolf_tv",
      "name": "WhiteWolf_tv",
      "placing": "8",
      "country": "CL",
      "decklist": [
        {
          "type": "Pok\u00e9mon",
          "url": "https://pocket.limitlesstcg.com/cards/P-A/38",
          "name": "Misdreavus (P-A-38)",
          "count": 2
        },
        {
          "type": "Pok\u00e9mon",
          "url": "https://pocket.limitlesstcg.com/cards/A2/67",
          "name": "Mismagius ex (A2-67)",
          "count": 2
        },
        {
          "type": "Pok\u00e9mon",
          "url": "https://pocket.limitlesstcg.com/cards/A2b/35",
          "name": "Giratina ex (A2b-35)",
          "count": 2
        },
        {
          "type": "Pok\u00e9mon",
          "url": "https://pocket.limitlesstcg.com/cards/A1a/32",
          "name": "Mew ex (A1a-32)",
          "count": 1
        },
        {
          "type": "Trainer",
          "url": "https://pocket.limitlesstcg.com/cards/P-A/7",
          "name": "Professor's Research",
          "count": 2
        },
        {
          "type": "Trainer",
          "url": "https://pocket.limitlesstcg.com/cards/A2/154",
          "name": "Dawn",
          "count": 2
        },
        {
          "type": "Trainer",
          "url": "https://pocket.limitlesstcg.com/cards/A2b/71",
          "name": "Red",
          "count": 1
        },
        {
          "type": "Trainer",
          "url": "https://pocket.limitlesstcg.com/cards/A2b/72",
          "name": "Team Rocket Grunt",
          "count": 1
        },
        {
          "type": "Trainer",
          "url": "https://pocket.limitlesstcg.com/cards/A2b/69",
          "name": "Iono",
          "count": 1
        },
        {
          "type": "Trainer",
          "url": "https://pocket.limitlesstcg.com/cards/A1a/66",
          "name": "Budding Expeditioner",
          "count": 1
        },
        {
          "type": "Trainer",
          "url": "https://pocket.limitlesstcg.com/cards/A2/150",
          "name": "Cyrus",
          "count": 1
        },
        {
          "type": "Trainer",
          "url": "https://pocket.limitlesstcg.com/cards/P-A/5",
          "name": "Pok\u00e9 Ball",
          "count": 2
        },
        {
          "type": "Trainer",
          "url": "https://pocket.limitlesstcg.com/cards/A2/147",
          "name": "Giant Cape",
          "count": 2
        }
      ]
    },
    {
      "id": "sneakattack",
      "name": "sneakAttack",
      "placing": "9",
      "country": "US",
      "decklist": [
        {
          "type": "Pok\u00e9mon",
          "url": "https://pocket.limitlesstcg.com/cards/A2/98",
          "name": "Sneasel (A2-98)",
          "count": 2
        },
        {
          "type": "Pok\u00e9mon",
          "url": "https://pocket.limitlesstcg.com/cards/A2/99",
          "name": "Weavile ex (A2-99)",
          "count": 2
        },
        {
          "type": "Pok\u00e9mon",
          "url": "https://pocket.limitlesstcg.com/cards/A2/110",
          "name": "Darkrai ex (A2-110)",
          "count": 2
        },
        {
          "type": "Trainer",
          "url": "https://pocket.limitlesstcg.com/cards/P-A/7",
          "name": "Professor's Research",
          "count": 2
        },
        {
          "type": "Trainer",
          "url": "https://pocket.limitlesstcg.com/cards/A1/225",
          "name": "Sabrina",
          "count": 2
        },
        {
          "type": "Trainer",
          "url": "https://pocket.limitlesstcg.com/cards/A2/150",
          "name": "Cyrus",
          "count": 1
        },
        {
          "type": "Trainer",
          "url": "https://pocket.limitlesstcg.com/cards/A2b/72",
          "name": "Team Rocket Grunt",
          "count": 1
        },
        {
          "type": "Trainer",
          "url": "https://pocket.limitlesstcg.com/cards/A1a/68",
          "name": "Leaf",
          "count": 1
        },
        {
          "type": "Trainer",
          "url": "https://pocket.limitlesstcg.com/cards/A2/155",
          "name": "Mars",
          "count": 1
        },
        {
          "type": "Trainer",
          "url": "https://pocket.limitlesstcg.com/cards/A2/154",
          "name": "Dawn",
          "count": 1
        },
        {
          "type": "Trainer",
          "url": "https://pocket.limitlesstcg.com/cards/P-A/5",
          "name": "Pok\u00e9 Ball",
          "count": 2
        },
        {
          "type": "Trainer",
          "url": "https://pocket.limitlesstcg.com/cards/A2/146",
          "name": "Pok\u00e9mon Communication",
          "count": 1
        },
        {
          "type": "Trainer",
          "url": "https://pocket.limitlesstcg.com/cards/A2/147",
          "name": "Giant Cape",
          "count": 2
        }
      ]
    },
    {
      "id": "guillaume40",
      "name": "DREAMZZ P",
      "placing": "10",
      "country": "FR",
      "decklist": [
        {
          "type": "Pok\u00e9mon",
          "url": "https://pocket.limitlesstcg.com/cards/A1a/17",
          "name": "Magikarp (A1a-17)",
          "count": 2
        },
        {
          "type": "Pok\u00e9mon",
          "url": "https://pocket.limitlesstcg.com/cards/A1a/18",
          "name": "Gyarados ex (A1a-18)",
          "count": 2
        },
        {
          "type": "Pok\u00e9mon",
          "url": "https://pocket.limitlesstcg.com/cards/A2/50",
          "name": "Manaphy (A2-50)",
          "count": 2
        },
        {
          "type": "Pok\u00e9mon",
          "url": "https://pocket.limitlesstcg.com/cards/A2a/23",
          "name": "Origin Forme Palkia (A2a-23)",
          "count": 1
        },
        {
          "type": "Trainer",
          "url": "https://pocket.limitlesstcg.com/cards/P-A/7",
          "name": "Professor's Research",
          "count": 2
        },
        {
          "type": "Trainer",
          "url": "https://pocket.limitlesstcg.com/cards/A1/220",
          "name": "Misty",
          "count": 2
        },
        {
          "type": "Trainer",
          "url": "https://pocket.limitlesstcg.com/cards/A2b/72",
          "name": "Team Rocket Grunt",
          "count": 2
        },
        {
          "type": "Trainer",
          "url": "https://pocket.limitlesstcg.com/cards/A2b/71",
          "name": "Red",
          "count": 1
        },
        {
          "type": "Trainer",
          "url": "https://pocket.limitlesstcg.com/cards/A2a/72",
          "name": "Irida",
          "count": 1
        },
        {
          "type": "Trainer",
          "url": "https://pocket.limitlesstcg.com/cards/P-A/5",
          "name": "Pok\u00e9 Ball",
          "count": 2
        },
        {
          "type": "Trainer",
          "url": "https://pocket.limitlesstcg.com/cards/A2/146",
          "name": "Pok\u00e9mon Communication",
          "count": 1
        },
        {
          "type": "Trainer",
          "url": "https://pocket.limitlesstcg.com/cards/A2/147",
          "name": "Giant Cape",
          "count": 1
        },
        {
          "type": "Trainer",
          "url": "https://pocket.limitlesstcg.com/cards/A2/148",
          "name": "Rocky Helmet",
          "count": 1
        }
      ]
    },
    {
      "id": "captentromos",
      "name": "captentromos",
      "placing": "11",
      "country": "GR",
      "decklist": [
        {
          "type": "Pok\u00e9mon",
          "url": "https://pocket.limitlesstcg.com/cards/A2b/18",
          "name": "Wiglett (A2b-18)",
          "count": 2
        },
        {
          "type": "Pok\u00e9mon",
          "url": "https://pocket.limitlesstcg.com/cards/A2b/19",
          "name": "Wugtrio ex (A2b-19)",
          "count": 2
        },
        {
          "type": "Pok\u00e9mon",
          "url": "https://pocket.limitlesstcg.com/cards/A2/50",
          "name": "Manaphy (A2-50)",
          "count": 2
        },
        {
          "type": "Pok\u00e9mon",
          "url": "https://pocket.limitlesstcg.com/cards/A2/49",
          "name": "Palkia ex (A2-49)",
          "count": 1
        },
        {
          "type": "Trainer",
          "url": "https://pocket.limitlesstcg.com/cards/P-A/7",
          "name": "Professor's Research",
          "count": 2
        },
        {
          "type": "Trainer",
          "url": "https://pocket.limitlesstcg.com/cards/A2a/72",
          "name": "Irida",
          "count": 2
        },
        {
          "type": "Trainer",
          "url": "https://pocket.limitlesstcg.com/cards/A1/220",
          "name": "Misty",
          "count": 1
        },
        {
          "type": "Trainer",
          "url": "https://pocket.limitlesstcg.com/cards/A2/154",
          "name": "Dawn",
          "count": 1
        },
        {
          "type": "Trainer",
          "url": "https://pocket.limitlesstcg.com/cards/A2b/69",
          "name": "Iono",
          "count": 1
        },
        {
          "type": "Trainer",
          "url": "https://pocket.limitlesstcg.com/cards/P-A/2",
          "name": "X Speed",
          "count": 2
        },
        {
          "type": "Trainer",
          "url": "https://pocket.limitlesstcg.com/cards/P-A/5",
          "name": "Pok\u00e9 Ball",
          "count": 2
        },
        {
          "type": "Trainer",
          "url": "https://pocket.limitlesstcg.com/cards/A2/146",
          "name": "Pok\u00e9mon Communication",
          "count": 1
        },
        {
          "type": "Trainer",
          "url": "https://pocket.limitlesstcg.com/cards/A2/147",
          "name": "Giant Cape",
          "count": 1
        }
      ]
    },
    {
      "id": "breakyu",
      "name": "Breakyu",
      "placing": "12",
      "country": "CO",
      "decklist": [
        {
          "type": "Pok\u00e9mon",
          "url": "https://pocket.limitlesstcg.com/cards/A2a/53",
          "name": "Magnemite (A2a-53)",
          "count": 2
        },
        {
          "type": "Pok\u00e9mon",
          "url": "https://pocket.limitlesstcg.com/cards/A1/98",
          "name": "Magneton (A1-98)",
          "count": 2
        },
        {
          "type": "Pok\u00e9mon",
          "url": "https://pocket.limitlesstcg.com/cards/A2/53",
          "name": "Magnezone (A2-53)",
          "count": 2
        },
        {
          "type": "Pok\u00e9mon",
          "url": "https://pocket.limitlesstcg.com/cards/A2/111",
          "name": "Skarmory (A2-111)",
          "count": 2
        },
        {
          "type": "Trainer",
          "url": "https://pocket.limitlesstcg.com/cards/P-A/7",
          "name": "Professor's Research",
          "count": 2
        },
        {
          "type": "Trainer",
          "url": "https://pocket.limitlesstcg.com/cards/A2b/71",
          "name": "Red",
          "count": 1
        },
        {
          "type": "Trainer",
          "url": "https://pocket.limitlesstcg.com/cards/A2/150",
          "name": "Cyrus",
          "count": 1
        },
        {
          "type": "Trainer",
          "url": "https://pocket.limitlesstcg.com/cards/A1/225",
          "name": "Sabrina",
          "count": 1
        },
        {
          "type": "Trainer",
          "url": "https://pocket.limitlesstcg.com/cards/P-A/5",
          "name": "Pok\u00e9 Ball",
          "count": 2
        },
        {
          "type": "Trainer",
          "url": "https://pocket.limitlesstcg.com/cards/P-A/2",
          "name": "X Speed",
          "count": 1
        },
        {
          "type": "Trainer",
          "url": "https://pocket.limitlesstcg.com/cards/A2/147",
          "name": "Giant Cape",
          "count": 2
        },
        {
          "type": "Trainer",
          "url": "https://pocket.limitlesstcg.com/cards/A2/148",
          "name": "Rocky Helmet",
          "count": 2
        }
      ]
    },
    {
      "id": "funky420",
      "name": "Funky420",
      "placing": "13",
      "country": "BR",
      "decklist": [
        {
          "type": "Pok\u00e9mon",
          "url": "https://pocket.limitlesstcg.com/cards/A2a/53",
          "name": "Magnemite (A2a-53)",
          "count": 1
        },
        {
          "type": "Pok\u00e9mon",
          "url": "https://pocket.limitlesstcg.com/cards/A1/98",
          "name": "Magneton (A1-98)",
          "count": 1
        },
        {
          "type": "Pok\u00e9mon",
          "url": "https://pocket.limitlesstcg.com/cards/A2/53",
          "name": "Magnezone (A2-53)",
          "count": 1
        },
        {
          "type": "Pok\u00e9mon",
          "url": "https://pocket.limitlesstcg.com/cards/A2/135",
          "name": "Bidoof (A2-135)",
          "count": 1
        },
        {
          "type": "Pok\u00e9mon",
          "url": "https://pocket.limitlesstcg.com/cards/A2b/65",
          "name": "Bibarel ex (A2b-65)",
          "count": 1
        },
        {
          "type": "Pok\u00e9mon",
          "url": "https://pocket.limitlesstcg.com/cards/A2/119",
          "name": "Dialga ex (A2-119)",
          "count": 1
        },
        {
          "type": "Trainer",
          "url": "https://pocket.limitlesstcg.com/cards/P-A/7",
          "name": "Professor's Research",
          "count": 2
        },
        {
          "type": "Trainer",
          "url": "https://pocket.limitlesstcg.com/cards/A1/225",
          "name": "Sabrina",
          "count": 1
        },
        {
          "type": "Trainer",
          "url": "https://pocket.limitlesstcg.com/cards/A1a/68",
          "name": "Leaf",
          "count": 1
        },
        {
          "type": "Trainer",
          "url": "https://pocket.limitlesstcg.com/cards/A2/154",
          "name": "Dawn",
          "count": 1
        },
        {
          "type": "Trainer",
          "url": "https://pocket.limitlesstcg.com/cards/A2/150",
          "name": "Cyrus",
          "count": 1
        },
        {
          "type": "Trainer",
          "url": "https://pocket.limitlesstcg.com/cards/P-A/5",
          "name": "Pok\u00e9 Ball",
          "count": 2
        },
        {
          "type": "Trainer",
          "url": "https://pocket.limitlesstcg.com/cards/P-A/1",
          "name": "Potion",
          "count": 2
        },
        {
          "type": "Trainer",
          "url": "https://pocket.limitlesstcg.com/cards/A2/146",
          "name": "Pok\u00e9mon Communication",
          "count": 2
        },
        {
          "type": "Trainer",
          "url": "https://pocket.limitlesstcg.com/cards/A2/147",
          "name": "Giant Cape",
          "count": 1
        },
        {
          "type": "Trainer",
          "url": "https://pocket.limitlesstcg.com/cards/A2/148",
          "name": "Rocky Helmet",
          "count": 1
        }
      ]
    },
    {
      "id": "xtremiaaa",
      "name": "Xtremiaaa",
      "placing": "14",
      "country": "ID",
      "decklist": [
        {
          "type": "Pok\u00e9mon",
          "url": "https://pocket.limitlesstcg.com/cards/A2b/5",
          "name": "Sprigatito (A2b-5)",
          "count": 2
        },
        {
          "type": "Pok\u00e9mon",
          "url": "https://pocket.limitlesstcg.com/cards/A2b/6",
          "name": "Floragato (A2b-6)",
          "count": 2
        },
        {
          "type": "Pok\u00e9mon",
          "url": "https://pocket.limitlesstcg.com/cards/A2b/7",
          "name": "Meowscarada (A2b-7)",
          "count": 2
        },
        {
          "type": "Pok\u00e9mon",
          "url": "https://pocket.limitlesstcg.com/cards/A2b/1",
          "name": "Weedle (A2b-1)",
          "count": 1
        },
        {
          "type": "Pok\u00e9mon",
          "url": "https://pocket.limitlesstcg.com/cards/A2b/2",
          "name": "Kakuna (A2b-2)",
          "count": 1
        },
        {
          "type": "Pok\u00e9mon",
          "url": "https://pocket.limitlesstcg.com/cards/A2b/3",
          "name": "Beedrill ex (A2b-3)",
          "count": 1
        },
        {
          "type": "Trainer",
          "url": "https://pocket.limitlesstcg.com/cards/P-A/7",
          "name": "Professor's Research",
          "count": 2
        },
        {
          "type": "Trainer",
          "url": "https://pocket.limitlesstcg.com/cards/A1/219",
          "name": "Erika",
          "count": 1
        },
        {
          "type": "Trainer",
          "url": "https://pocket.limitlesstcg.com/cards/A2/150",
          "name": "Cyrus",
          "count": 1
        },
        {
          "type": "Trainer",
          "url": "https://pocket.limitlesstcg.com/cards/A2b/71",
          "name": "Red",
          "count": 1
        },
        {
          "type": "Trainer",
          "url": "https://pocket.limitlesstcg.com/cards/A2b/72",
          "name": "Team Rocket Grunt",
          "count": 1
        },
        {
          "type": "Trainer",
          "url": "https://pocket.limitlesstcg.com/cards/A2b/69",
          "name": "Iono",
          "count": 1
        },
        {
          "type": "Trainer",
          "url": "https://pocket.limitlesstcg.com/cards/P-A/5",
          "name": "Pok\u00e9 Ball",
          "count": 2
        },
        {
          "type": "Trainer",
          "url": "https://pocket.limitlesstcg.com/cards/A2/146",
          "name": "Pok\u00e9mon Communication",
          "count": 1
        },
        {
          "type": "Trainer",
          "url": "https://pocket.limitlesstcg.com/cards/A2/147",
          "name": "Giant Cape",
          "count": 1
        }
      ]
    },
    {
      "id": "vitominatcg",
      "name": "ViToMiNaTcG",
      "placing": "15",
      "country": "ES",
      "decklist": [
        {
          "type": "Pok\u00e9mon",
          "url": "https://pocket.limitlesstcg.com/cards/A1/21",
          "name": "Exeggcute (A1-21)",
          "count": 2
        },
        {
          "type": "Pok\u00e9mon",
          "url": "https://pocket.limitlesstcg.com/cards/A1/23",
          "name": "Exeggutor ex (A1-23)",
          "count": 2
        },
        {
          "type": "Pok\u00e9mon",
          "url": "https://pocket.limitlesstcg.com/cards/A2a/9",
          "name": "Carnivine (A2a-9)",
          "count": 2
        },
        {
          "type": "Pok\u00e9mon",
          "url": "https://pocket.limitlesstcg.com/cards/A2a/71",
          "name": "Arceus ex (A2a-71)",
          "count": 2
        },
        {
          "type": "Trainer",
          "url": "https://pocket.limitlesstcg.com/cards/P-A/7",
          "name": "Professor's Research",
          "count": 2
        },
        {
          "type": "Trainer",
          "url": "https://pocket.limitlesstcg.com/cards/A2b/70",
          "name": "Pok\u00e9mon Center Lady",
          "count": 1
        },
        {
          "type": "Trainer",
          "url": "https://pocket.limitlesstcg.com/cards/A2b/71",
          "name": "Red",
          "count": 1
        },
        {
          "type": "Trainer",
          "url": "https://pocket.limitlesstcg.com/cards/A1/225",
          "name": "Sabrina",
          "count": 1
        },
        {
          "type": "Trainer",
          "url": "https://pocket.limitlesstcg.com/cards/A2/155",
          "name": "Mars",
          "count": 1
        },
        {
          "type": "Trainer",
          "url": "https://pocket.limitlesstcg.com/cards/A2/150",
          "name": "Cyrus",
          "count": 1
        },
        {
          "type": "Trainer",
          "url": "https://pocket.limitlesstcg.com/cards/A1a/68",
          "name": "Leaf",
          "count": 1
        },
        {
          "type": "Trainer",
          "url": "https://pocket.limitlesstcg.com/cards/P-A/5",
          "name": "Pok\u00e9 Ball",
          "count": 2
        },
        {
          "type": "Trainer",
          "url": "https://pocket.limitlesstcg.com/cards/A2/147",
          "name": "Giant Cape",
          "count": 2
        }
      ]
    },
    {
      "id": "itachipkmn",
      "name": "ItachiPKMN",
      "placing": "16",
      "country": "US",
      "decklist": [
        {
          "type": "Pok\u00e9mon",
          "url": "https://pocket.limitlesstcg.com/cards/A2b/35",
          "name": "Giratina ex (A2b-35)",
          "count": 2
        },
        {
          "type": "Pok\u00e9mon",
          "url": "https://pocket.limitlesstcg.com/cards/A2/110",
          "name": "Darkrai ex (A2-110)",
          "count": 2
        },
        {
          "type": "Trainer",
          "url": "https://pocket.limitlesstcg.com/cards/P-A/7",
          "name": "Professor's Research",
          "count": 2
        },
        {
          "type": "Trainer",
          "url": "https://pocket.limitlesstcg.com/cards/A2b/71",
          "name": "Red",
          "count": 1
        },
        {
          "type": "Trainer",
          "url": "https://pocket.limitlesstcg.com/cards/A2b/70",
          "name": "Pok\u00e9mon Center Lady",
          "count": 1
        },
        {
          "type": "Trainer",
          "url": "https://pocket.limitlesstcg.com/cards/A1/225",
          "name": "Sabrina",
          "count": 1
        },
        {
          "type": "Trainer",
          "url": "https://pocket.limitlesstcg.com/cards/A1a/68",
          "name": "Leaf",
          "count": 1
        },
        {
          "type": "Trainer",
          "url": "https://pocket.limitlesstcg.com/cards/A2/150",
          "name": "Cyrus",
          "count": 1
        },
        {
          "type": "Trainer",
          "url": "https://pocket.limitlesstcg.com/cards/A2/155",
          "name": "Mars",
          "count": 1
        },
        {
          "type": "Trainer",
          "url": "https://pocket.limitlesstcg.com/cards/A2b/72",
          "name": "Team Rocket Grunt",
          "count": 1
        },
        {
          "type": "Trainer",
          "url": "https://pocket.limitlesstcg.com/cards/P-A/5",
          "name": "Pok\u00e9 Ball",
          "count": 2
        },
        {
          "type": "Trainer",
          "url": "https://pocket.limitlesstcg.com/cards/P-A/1",
          "name": "Potion",
          "count": 2
        },
        {
          "type": "Trainer",
          "url": "https://pocket.limitlesstcg.com/cards/A2/147",
          "name": "Giant Cape",
          "count": 2
        },
        {
          "type": "Trainer",
          "url": "https://pocket.limitlesstcg.com/cards/A2/148",
          "name": "Rocky Helmet",
          "count": 1
        }
      ]
    },
    {
      "id": "croast",
      "name": "Croast",
      "placing": "17",
      "country": "US",
      "decklist": [
        {
          "type": "Pok\u00e9mon",
          "url": "https://pocket.limitlesstcg.com/cards/A1a/17",
          "name": "Magikarp (A1a-17)",
          "count": 2
        },
        {
          "type": "Pok\u00e9mon",
          "url": "https://pocket.limitlesstcg.com/cards/A1a/18",
          "name": "Gyarados ex (A1a-18)",
          "count": 2
        },
        {
          "type": "Pok\u00e9mon",
          "url": "https://pocket.limitlesstcg.com/cards/A2/50",
          "name": "Manaphy (A2-50)",
          "count": 2
        },
        {
          "type": "Pok\u00e9mon",
          "url": "https://pocket.limitlesstcg.com/cards/A2a/23",
          "name": "Origin Forme Palkia (A2a-23)",
          "count": 1
        },
        {
          "type": "Trainer",
          "url": "https://pocket.limitlesstcg.com/cards/P-A/7",
          "name": "Professor's Research",
          "count": 2
        },
        {
          "type": "Trainer",
          "url": "https://pocket.limitlesstcg.com/cards/A1/220",
          "name": "Misty",
          "count": 2
        },
        {
          "type": "Trainer",
          "url": "https://pocket.limitlesstcg.com/cards/A1/225",
          "name": "Sabrina",
          "count": 1
        },
        {
          "type": "Trainer",
          "url": "https://pocket.limitlesstcg.com/cards/A2/155",
          "name": "Mars",
          "count": 1
        },
        {
          "type": "Trainer",
          "url": "https://pocket.limitlesstcg.com/cards/A2a/72",
          "name": "Irida",
          "count": 1
        },
        {
          "type": "Trainer",
          "url": "https://pocket.limitlesstcg.com/cards/A2b/71",
          "name": "Red",
          "count": 1
        },
        {
          "type": "Trainer",
          "url": "https://pocket.limitlesstcg.com/cards/P-A/5",
          "name": "Pok\u00e9 Ball",
          "count": 2
        },
        {
          "type": "Trainer",
          "url": "https://pocket.limitlesstcg.com/cards/A2/146",
          "name": "Pok\u00e9mon Communication",
          "count": 1
        },
        {
          "type": "Trainer",
          "url": "https://pocket.limitlesstcg.com/cards/A2/147",
          "name": "Giant Cape",
          "count": 1
        },
        {
          "type": "Trainer",
          "url": "https://pocket.limitlesstcg.com/cards/A2/148",
          "name": "Rocky Helmet",
          "count": 1
        }
      ]
    },
    {
      "id": "psychopat14",
      "name": "PsychoPat14",
      "placing": "18",
      "country": "CA",
      "decklist": [
        {
          "type": "Pok\u00e9mon",
          "url": "https://pocket.limitlesstcg.com/cards/A2b/47",
          "name": "Paldean Wooper (A2b-47)",
          "count": 2
        },
        {
          "type": "Pok\u00e9mon",
          "url": "https://pocket.limitlesstcg.com/cards/A2b/48",
          "name": "Paldean Clodsire ex (A2b-48)",
          "count": 2
        },
        {
          "type": "Pok\u00e9mon",
          "url": "https://pocket.limitlesstcg.com/cards/A2b/50",
          "name": "Shroodle (A2b-50)",
          "count": 2
        },
        {
          "type": "Pok\u00e9mon",
          "url": "https://pocket.limitlesstcg.com/cards/A2b/51",
          "name": "Grafaiai (A2b-51)",
          "count": 2
        },
        {
          "type": "Pok\u00e9mon",
          "url": "https://pocket.limitlesstcg.com/cards/A2/110",
          "name": "Darkrai ex (A2-110)",
          "count": 1
        },
        {
          "type": "Trainer",
          "url": "https://pocket.limitlesstcg.com/cards/A1/225",
          "name": "Sabrina",
          "count": 2
        },
        {
          "type": "Trainer",
          "url": "https://pocket.limitlesstcg.com/cards/P-A/7",
          "name": "Professor's Research",
          "count": 2
        },
        {
          "type": "Trainer",
          "url": "https://pocket.limitlesstcg.com/cards/A2/150",
          "name": "Cyrus",
          "count": 1
        },
        {
          "type": "Trainer",
          "url": "https://pocket.limitlesstcg.com/cards/A2b/71",
          "name": "Red",
          "count": 1
        },
        {
          "type": "Trainer",
          "url": "https://pocket.limitlesstcg.com/cards/P-A/5",
          "name": "Pok\u00e9 Ball",
          "count": 2
        },
        {
          "type": "Trainer",
          "url": "https://pocket.limitlesstcg.com/cards/P-A/2",
          "name": "X Speed",
          "count": 1
        },
        {
          "type": "Trainer",
          "url": "https://pocket.limitlesstcg.com/cards/A2/146",
          "name": "Pok\u00e9mon Communication",
          "count": 1
        },
        {
          "type": "Trainer",
          "url": "https://pocket.limitlesstcg.com/cards/A2/147",
          "name": "Giant Cape",
          "count": 1
        }
      ]
    },
    {
      "id": "salvador90",
      "name": "Salvador90",
      "placing": "19",
      "country": "MX",
      "decklist": [
        {
          "type": "Pok\u00e9mon",
          "url": "https://pocket.limitlesstcg.com/cards/A2/49",
          "name": "Palkia ex (A2-49)",
          "count": 2
        },
        {
          "type": "Pok\u00e9mon",
          "url": "https://pocket.limitlesstcg.com/cards/A2a/63",
          "name": "Snorlax (A2a-63)",
          "count": 1
        },
        {
          "type": "Trainer",
          "url": "https://pocket.limitlesstcg.com/cards/A1/220",
          "name": "Misty",
          "count": 2
        },
        {
          "type": "Trainer",
          "url": "https://pocket.limitlesstcg.com/cards/A2b/72",
          "name": "Team Rocket Grunt",
          "count": 2
        },
        {
          "type": "Trainer",
          "url": "https://pocket.limitlesstcg.com/cards/A2a/74",
          "name": "Barry",
          "count": 2
        },
        {
          "type": "Trainer",
          "url": "https://pocket.limitlesstcg.com/cards/A2a/72",
          "name": "Irida",
          "count": 1
        },
        {
          "type": "Trainer",
          "url": "https://pocket.limitlesstcg.com/cards/A2/150",
          "name": "Cyrus",
          "count": 1
        },
        {
          "type": "Trainer",
          "url": "https://pocket.limitlesstcg.com/cards/A2b/70",
          "name": "Pok\u00e9mon Center Lady",
          "count": 1
        },
        {
          "type": "Trainer",
          "url": "https://pocket.limitlesstcg.com/cards/A1a/68",
          "name": "Leaf",
          "count": 1
        },
        {
          "type": "Trainer",
          "url": "https://pocket.limitlesstcg.com/cards/P-A/7",
          "name": "Professor's Research",
          "count": 1
        },
        {
          "type": "Trainer",
          "url": "https://pocket.limitlesstcg.com/cards/A2/154",
          "name": "Dawn",
          "count": 1
        },
        {
          "type": "Trainer",
          "url": "https://pocket.limitlesstcg.com/cards/P-A/1",
          "name": "Potion",
          "count": 2
        },
        {
          "type": "Trainer",
          "url": "https://pocket.limitlesstcg.com/cards/P-A/5",
          "name": "Pok\u00e9 Ball",
          "count": 1
        },
        {
          "type": "Trainer",
          "url": "https://pocket.limitlesstcg.com/cards/A2/147",
          "name": "Giant Cape",
          "count": 2
        }
      ]
    },
    {
      "id": "laygus",
      "name": "Laygus",
      "placing": "20",
      "country": "BR",
      "decklist": [
        {
          "type": "Pok\u00e9mon",
          "url": "https://pocket.limitlesstcg.com/cards/A1a/17",
          "name": "Magikarp (A1a-17)",
          "count": 2
        },
        {
          "type": "Pok\u00e9mon",
          "url": "https://pocket.limitlesstcg.com/cards/A1a/18",
          "name": "Gyarados ex (A1a-18)",
          "count": 2
        },
        {
          "type": "Pok\u00e9mon",
          "url": "https://pocket.limitlesstcg.com/cards/A2/50",
          "name": "Manaphy (A2-50)",
          "count": 2
        },
        {
          "type": "Trainer",
          "url": "https://pocket.limitlesstcg.com/cards/P-A/7",
          "name": "Professor's Research",
          "count": 2
        },
        {
          "type": "Trainer",
          "url": "https://pocket.limitlesstcg.com/cards/A1/220",
          "name": "Misty",
          "count": 2
        },
        {
          "type": "Trainer",
          "url": "https://pocket.limitlesstcg.com/cards/A2/154",
          "name": "Dawn",
          "count": 1
        },
        {
          "type": "Trainer",
          "url": "https://pocket.limitlesstcg.com/cards/A1/225",
          "name": "Sabrina",
          "count": 1
        },
        {
          "type": "Trainer",
          "url": "https://pocket.limitlesstcg.com/cards/A2a/72",
          "name": "Irida",
          "count": 1
        },
        {
          "type": "Trainer",
          "url": "https://pocket.limitlesstcg.com/cards/A2b/71",
          "name": "Red",
          "count": 1
        },
        {
          "type": "Trainer",
          "url": "https://pocket.limitlesstcg.com/cards/P-A/5",
          "name": "Pok\u00e9 Ball",
          "count": 2
        },
        {
          "type": "Trainer",
          "url": "https://pocket.limitlesstcg.com/cards/P-A/2",
          "name": "X Speed",
          "count": 1
        },
        {
          "type": "Trainer",
          "url": "https://pocket.limitlesstcg.com/cards/A2/146",
          "name": "Pok\u00e9mon Communication",
          "count": 1
        },
        {
          "type": "Trainer",
          "url": "https://pocket.limitlesstcg.com/cards/A2/148",
          "name": "Rocky Helmet",
          "count": 2
        }
      ]
    },
    {
      "id": "luthkimak",
      "name": "Luthkimak",
      "placing": "21",
      "country": "BR",
      "decklist": [
        {
          "type": "Pok\u00e9mon",
          "url": "https://pocket.limitlesstcg.com/cards/A2/68",
          "name": "Ralts (A2-68)",
          "count": 2
        },
        {
          "type": "Pok\u00e9mon",
          "url": "https://pocket.limitlesstcg.com/cards/A2/69",
          "name": "Kirlia (A2-69)",
          "count": 2
        },
        {
          "type": "Pok\u00e9mon",
          "url": "https://pocket.limitlesstcg.com/cards/A2/95",
          "name": "Gallade ex (A2-95)",
          "count": 2
        },
        {
          "type": "Pok\u00e9mon",
          "url": "https://pocket.limitlesstcg.com/cards/A1/154",
          "name": "Hitmonlee (A1-154)",
          "count": 2
        },
        {
          "type": "Pok\u00e9mon",
          "url": "https://pocket.limitlesstcg.com/cards/A1a/47",
          "name": "Marshadow (A1a-47)",
          "count": 1
        },
        {
          "type": "Trainer",
          "url": "https://pocket.limitlesstcg.com/cards/P-A/7",
          "name": "Professor's Research",
          "count": 2
        },
        {
          "type": "Trainer",
          "url": "https://pocket.limitlesstcg.com/cards/A2b/71",
          "name": "Red",
          "count": 1
        },
        {
          "type": "Trainer",
          "url": "https://pocket.limitlesstcg.com/cards/A2b/69",
          "name": "Iono",
          "count": 1
        },
        {
          "type": "Trainer",
          "url": "https://pocket.limitlesstcg.com/cards/A2/150",
          "name": "Cyrus",
          "count": 1
        },
        {
          "type": "Trainer",
          "url": "https://pocket.limitlesstcg.com/cards/A2/155",
          "name": "Mars",
          "count": 1
        },
        {
          "type": "Trainer",
          "url": "https://pocket.limitlesstcg.com/cards/A1/225",
          "name": "Sabrina",
          "count": 1
        },
        {
          "type": "Trainer",
          "url": "https://pocket.limitlesstcg.com/cards/P-A/5",
          "name": "Pok\u00e9 Ball",
          "count": 2
        },
        {
          "type": "Trainer",
          "url": "https://pocket.limitlesstcg.com/cards/A2/146",
          "name": "Pok\u00e9mon Communication",
          "count": 1
        },
        {
          "type": "Trainer",
          "url": "https://pocket.limitlesstcg.com/cards/A2/148",
          "name": "Rocky Helmet",
          "count": 1
        }
      ]
    },
    {
      "id": "knight1608",
      "name": "Knight1608",
      "placing": "22",
      "country": null,
      "decklist": [
        {
          "type": "Pok\u00e9mon",
          "url": "https://pocket.limitlesstcg.com/cards/A2b/18",
          "name": "Wiglett (A2b-18)",
          "count": 2
        },
        {
          "type": "Pok\u00e9mon",
          "url": "https://pocket.limitlesstcg.com/cards/A2b/19",
          "name": "Wugtrio ex (A2b-19)",
          "count": 2
        },
        {
          "type": "Pok\u00e9mon",
          "url": "https://pocket.limitlesstcg.com/cards/A2/50",
          "name": "Manaphy (A2-50)",
          "count": 2
        },
        {
          "type": "Trainer",
          "url": "https://pocket.limitlesstcg.com/cards/P-A/7",
          "name": "Professor's Research",
          "count": 2
        },
        {
          "type": "Trainer",
          "url": "https://pocket.limitlesstcg.com/cards/A2b/72",
          "name": "Team Rocket Grunt",
          "count": 2
        },
        {
          "type": "Trainer",
          "url": "https://pocket.limitlesstcg.com/cards/A1/220",
          "name": "Misty",
          "count": 2
        },
        {
          "type": "Trainer",
          "url": "https://pocket.limitlesstcg.com/cards/A2a/72",
          "name": "Irida",
          "count": 1
        },
        {
          "type": "Trainer",
          "url": "https://pocket.limitlesstcg.com/cards/P-A/5",
          "name": "Pok\u00e9 Ball",
          "count": 2
        },
        {
          "type": "Trainer",
          "url": "https://pocket.limitlesstcg.com/cards/P-A/1",
          "name": "Potion",
          "count": 2
        },
        {
          "type": "Trainer",
          "url": "https://pocket.limitlesstcg.com/cards/A2/146",
          "name": "Pok\u00e9mon Communication",
          "count": 1
        },
        {
          "type": "Trainer",
          "url": "https://pocket.limitlesstcg.com/cards/P-A/2",
          "name": "X Speed",
          "count": 1
        },
        {
          "type": "Trainer",
          "url": "https://pocket.limitlesstcg.com/cards/A2/147",
          "name": "Giant Cape",
          "count": 1
        }
      ]
    },
    {
      "id": "coolbenny7890",
      "name": "Coolbenny7890",
      "placing": "23",
      "country": "US",
      "decklist": [
        {
          "type": "Pok\u00e9mon",
          "url": "https://pocket.limitlesstcg.com/cards/A2b/35",
          "name": "Giratina ex (A2b-35)",
          "count": 2
        },
        {
          "type": "Pok\u00e9mon",
          "url": "https://pocket.limitlesstcg.com/cards/A1/129",
          "name": "Mewtwo ex (A1-129)",
          "count": 1
        },
        {
          "type": "Trainer",
          "url": "https://pocket.limitlesstcg.com/cards/P-A/7",
          "name": "Professor's Research",
          "count": 2
        },
        {
          "type": "Trainer",
          "url": "https://pocket.limitlesstcg.com/cards/A2b/71",
          "name": "Red",
          "count": 2
        },
        {
          "type": "Trainer",
          "url": "https://pocket.limitlesstcg.com/cards/A1/225",
          "name": "Sabrina",
          "count": 1
        },
        {
          "type": "Trainer",
          "url": "https://pocket.limitlesstcg.com/cards/A1a/67",
          "name": "Blue",
          "count": 1
        },
        {
          "type": "Trainer",
          "url": "https://pocket.limitlesstcg.com/cards/A1a/68",
          "name": "Leaf",
          "count": 1
        },
        {
          "type": "Trainer",
          "url": "https://pocket.limitlesstcg.com/cards/A2/155",
          "name": "Mars",
          "count": 1
        },
        {
          "type": "Trainer",
          "url": "https://pocket.limitlesstcg.com/cards/A2b/70",
          "name": "Pok\u00e9mon Center Lady",
          "count": 1
        },
        {
          "type": "Trainer",
          "url": "https://pocket.limitlesstcg.com/cards/A2/154",
          "name": "Dawn",
          "count": 1
        },
        {
          "type": "Trainer",
          "url": "https://pocket.limitlesstcg.com/cards/P-A/1",
          "name": "Potion",
          "count": 2
        },
        {
          "type": "Trainer",
          "url": "https://pocket.limitlesstcg.com/cards/P-A/5",
          "name": "Pok\u00e9 Ball",
          "count": 2
        },
        {
          "type": "Trainer",
          "url": "https://pocket.limitlesstcg.com/cards/A2/147",
          "name": "Giant Cape",
          "count": 2
        },
        {
          "type": "Trainer",
          "url": "https://pocket.limitlesstcg.com/cards/A2/148",
          "name": "Rocky Helmet",
          "count": 1
        }
      ]
    },
    {
      "id": "yeayea4sure",
      "name": "Yeayea4sure",
      "placing": "24",
      "country": "US",
      "decklist": [
        {
          "type": "Pok\u00e9mon",
          "url": "https://pocket.limitlesstcg.com/cards/A1a/17",
          "name": "Magikarp (A1a-17)",
          "count": 2
        },
        {
          "type": "Pok\u00e9mon",
          "url": "https://pocket.limitlesstcg.com/cards/A1a/18",
          "name": "Gyarados ex (A1a-18)",
          "count": 2
        },
        {
          "type": "Pok\u00e9mon",
          "url": "https://pocket.limitlesstcg.com/cards/A2/50",
          "name": "Manaphy (A2-50)",
          "count": 2
        },
        {
          "type": "Pok\u00e9mon",
          "url": "https://pocket.limitlesstcg.com/cards/A2a/23",
          "name": "Origin Forme Palkia (A2a-23)",
          "count": 1
        },
        {
          "type": "Trainer",
          "url": "https://pocket.limitlesstcg.com/cards/P-A/7",
          "name": "Professor's Research",
          "count": 2
        },
        {
          "type": "Trainer",
          "url": "https://pocket.limitlesstcg.com/cards/A1/220",
          "name": "Misty",
          "count": 2
        },
        {
          "type": "Trainer",
          "url": "https://pocket.limitlesstcg.com/cards/A1/225",
          "name": "Sabrina",
          "count": 1
        },
        {
          "type": "Trainer",
          "url": "https://pocket.limitlesstcg.com/cards/A1a/68",
          "name": "Leaf",
          "count": 1
        },
        {
          "type": "Trainer",
          "url": "https://pocket.limitlesstcg.com/cards/A2a/72",
          "name": "Irida",
          "count": 1
        },
        {
          "type": "Trainer",
          "url": "https://pocket.limitlesstcg.com/cards/A2b/71",
          "name": "Red",
          "count": 1
        },
        {
          "type": "Trainer",
          "url": "https://pocket.limitlesstcg.com/cards/P-A/5",
          "name": "Pok\u00e9 Ball",
          "count": 2
        },
        {
          "type": "Trainer",
          "url": "https://pocket.limitlesstcg.com/cards/A2/146",
          "name": "Pok\u00e9mon Communication",
          "count": 1
        },
        {
          "type": "Trainer",
          "url": "https://pocket.limitlesstcg.com/cards/A2/147",
          "name": "Giant Cape",
          "count": 1
        },
        {
          "type": "Trainer",
          "url": "https://pocket.limitlesstcg.com/cards/A2/148",
          "name": "Rocky Helmet",
          "count": 1
        }
      ]
    },
    {
      "id": "luantrap",
      "name": "luantrap",
      "placing": "25",
      "country": "BR",
      "decklist": [
        {
          "type": "Pok\u00e9mon",
          "url": "https://pocket.limitlesstcg.com/cards/A2a/53",
          "name": "Magnemite (A2a-53)",
          "count": 2
        },
        {
          "type": "Pok\u00e9mon",
          "url": "https://pocket.limitlesstcg.com/cards/A1/98",
          "name": "Magneton (A1-98)",
          "count": 2
        },
        {
          "type": "Pok\u00e9mon",
          "url": "https://pocket.limitlesstcg.com/cards/A2/53",
          "name": "Magnezone (A2-53)",
          "count": 2
        },
        {
          "type": "Pok\u00e9mon",
          "url": "https://pocket.limitlesstcg.com/cards/A2/111",
          "name": "Skarmory (A2-111)",
          "count": 2
        },
        {
          "type": "Trainer",
          "url": "https://pocket.limitlesstcg.com/cards/P-A/7",
          "name": "Professor's Research",
          "count": 2
        },
        {
          "type": "Trainer",
          "url": "https://pocket.limitlesstcg.com/cards/A2/150",
          "name": "Cyrus",
          "count": 1
        },
        {
          "type": "Trainer",
          "url": "https://pocket.limitlesstcg.com/cards/A1/225",
          "name": "Sabrina",
          "count": 1
        },
        {
          "type": "Trainer",
          "url": "https://pocket.limitlesstcg.com/cards/A2b/71",
          "name": "Red",
          "count": 1
        },
        {
          "type": "Trainer",
          "url": "https://pocket.limitlesstcg.com/cards/P-A/5",
          "name": "Pok\u00e9 Ball",
          "count": 2
        },
        {
          "type": "Trainer",
          "url": "https://pocket.limitlesstcg.com/cards/P-A/2",
          "name": "X Speed",
          "count": 1
        },
        {
          "type": "Trainer",
          "url": "https://pocket.limitlesstcg.com/cards/A2/147",
          "name": "Giant Cape",
          "count": 2
        },
        {
          "type": "Trainer",
          "url": "https://pocket.limitlesstcg.com/cards/A2/148",
          "name": "Rocky Helmet",
          "count": 2
        }
      ]
    },
    {
      "id": "elliedark",
      "name": "TDL | EllieDark",
      "placing": "26",
      "country": "GB",
      "decklist": [
        {
          "type": "Pok\u00e9mon",
          "url": "https://pocket.limitlesstcg.com/cards/A2b/8",
          "name": "Charmander (A2b-8)",
          "count": 2
        },
        {
          "type": "Pok\u00e9mon",
          "url": "https://pocket.limitlesstcg.com/cards/A2b/9",
          "name": "Charmeleon (A2b-9)",
          "count": 2
        },
        {
          "type": "Pok\u00e9mon",
          "url": "https://pocket.limitlesstcg.com/cards/A1/36",
          "name": "Charizard ex (A1-36)",
          "count": 2
        },
        {
          "type": "Pok\u00e9mon",
          "url": "https://pocket.limitlesstcg.com/cards/A1/47",
          "name": "Moltres ex (A1-47)",
          "count": 2
        },
        {
          "type": "Pok\u00e9mon",
          "url": "https://pocket.limitlesstcg.com/cards/A2/22",
          "name": "Shaymin (A2-22)",
          "count": 1
        },
        {
          "type": "Trainer",
          "url": "https://pocket.limitlesstcg.com/cards/P-A/7",
          "name": "Professor's Research",
          "count": 2
        },
        {
          "type": "Trainer",
          "url": "https://pocket.limitlesstcg.com/cards/A2b/69",
          "name": "Iono",
          "count": 1
        },
        {
          "type": "Trainer",
          "url": "https://pocket.limitlesstcg.com/cards/P-A/5",
          "name": "Pok\u00e9 Ball",
          "count": 2
        },
        {
          "type": "Trainer",
          "url": "https://pocket.limitlesstcg.com/cards/P-A/2",
          "name": "X Speed",
          "count": 2
        },
        {
          "type": "Trainer",
          "url": "https://pocket.limitlesstcg.com/cards/A2/146",
          "name": "Pok\u00e9mon Communication",
          "count": 2
        },
        {
          "type": "Trainer",
          "url": "https://pocket.limitlesstcg.com/cards/A2/147",
          "name": "Giant Cape",
          "count": 2
        }
      ]
    },
    {
      "id": "oier_bonilla",
      "name": "Boni B",
      "placing": "27",
      "country": "ES",
      "decklist": [
        {
          "type": "Pok\u00e9mon",
          "url": "https://pocket.limitlesstcg.com/cards/A1/53",
          "name": "Squirtle (A1-53)",
          "count": 2
        },
        {
          "type": "Pok\u00e9mon",
          "url": "https://pocket.limitlesstcg.com/cards/A1/54",
          "name": "Wartortle (A1-54)",
          "count": 2
        },
        {
          "type": "Pok\u00e9mon",
          "url": "https://pocket.limitlesstcg.com/cards/A1/56",
          "name": "Blastoise ex (A1-56)",
          "count": 2
        },
        {
          "type": "Pok\u00e9mon",
          "url": "https://pocket.limitlesstcg.com/cards/A1/83",
          "name": "Articuno (A1-83)",
          "count": 1
        },
        {
          "type": "Pok\u00e9mon",
          "url": "https://pocket.limitlesstcg.com/cards/A2/50",
          "name": "Manaphy (A2-50)",
          "count": 1
        },
        {
          "type": "Trainer",
          "url": "https://pocket.limitlesstcg.com/cards/P-A/7",
          "name": "Professor's Research",
          "count": 2
        },
        {
          "type": "Trainer",
          "url": "https://pocket.limitlesstcg.com/cards/A1/220",
          "name": "Misty",
          "count": 2
        },
        {
          "type": "Trainer",
          "url": "https://pocket.limitlesstcg.com/cards/A1/225",
          "name": "Sabrina",
          "count": 1
        },
        {
          "type": "Trainer",
          "url": "https://pocket.limitlesstcg.com/cards/A1a/68",
          "name": "Leaf",
          "count": 1
        },
        {
          "type": "Trainer",
          "url": "https://pocket.limitlesstcg.com/cards/A2/154",
          "name": "Dawn",
          "count": 1
        },
        {
          "type": "Trainer",
          "url": "https://pocket.limitlesstcg.com/cards/A2a/72",
          "name": "Irida",
          "count": 1
        },
        {
          "type": "Trainer",
          "url": "https://pocket.limitlesstcg.com/cards/A2b/71",
          "name": "Red",
          "count": 1
        },
        {
          "type": "Trainer",
          "url": "https://pocket.limitlesstcg.com/cards/P-A/5",
          "name": "Pok\u00e9 Ball",
          "count": 1
        },
        {
          "type": "Trainer",
          "url": "https://pocket.limitlesstcg.com/cards/A2/146",
          "name": "Pok\u00e9mon Communication",
          "count": 1
        },
        {
          "type": "Trainer",
          "url": "https://pocket.limitlesstcg.com/cards/A2/148",
          "name": "Rocky Helmet",
          "count": 1
        }
      ]
    },
    {
      "id": "foxmccloud00",
      "name": "FoxMcCloud00",
      "placing": "28",
      "country": null,
      "decklist": [
        {
          "type": "Pok\u00e9mon",
          "url": "https://pocket.limitlesstcg.com/cards/A2/91",
          "name": "Riolu (A2-91)",
          "count": 2
        },
        {
          "type": "Pok\u00e9mon",
          "url": "https://pocket.limitlesstcg.com/cards/A2/92",
          "name": "Lucario (A2-92)",
          "count": 2
        },
        {
          "type": "Pok\u00e9mon",
          "url": "https://pocket.limitlesstcg.com/cards/A2/88",
          "name": "Cranidos (A2-88)",
          "count": 2
        },
        {
          "type": "Pok\u00e9mon",
          "url": "https://pocket.limitlesstcg.com/cards/A2/89",
          "name": "Rampardos (A2-89)",
          "count": 2
        },
        {
          "type": "Pok\u00e9mon",
          "url": "https://pocket.limitlesstcg.com/cards/A2a/36",
          "name": "Sudowoodo (A2a-36)",
          "count": 2
        },
        {
          "type": "Trainer",
          "url": "https://pocket.limitlesstcg.com/cards/P-A/7",
          "name": "Professor's Research",
          "count": 2
        },
        {
          "type": "Trainer",
          "url": "https://pocket.limitlesstcg.com/cards/A1/225",
          "name": "Sabrina",
          "count": 2
        },
        {
          "type": "Trainer",
          "url": "https://pocket.limitlesstcg.com/cards/A2/150",
          "name": "Cyrus",
          "count": 1
        },
        {
          "type": "Trainer",
          "url": "https://pocket.limitlesstcg.com/cards/A2b/71",
          "name": "Red",
          "count": 1
        },
        {
          "type": "Trainer",
          "url": "https://pocket.limitlesstcg.com/cards/A1a/68",
          "name": "Leaf",
          "count": 1
        },
        {
          "type": "Trainer",
          "url": "https://pocket.limitlesstcg.com/cards/A2/144",
          "name": "Skull Fossil",
          "count": 2
        },
        {
          "type": "Trainer",
          "url": "https://pocket.limitlesstcg.com/cards/A2/146",
          "name": "Pok\u00e9mon Communication",
          "count": 1
        }
      ]
    },
    {
      "id": "arthur1248421",
      "name": "Arthur1248421",
      "placing": "29",
      "country": "BR",
      "decklist": [
        {
          "type": "Pok\u00e9mon",
          "url": "https://pocket.limitlesstcg.com/cards/A2a/71",
          "name": "Arceus ex (A2a-71)",
          "count": 2
        },
        {
          "type": "Pok\u00e9mon",
          "url": "https://pocket.limitlesstcg.com/cards/A2a/9",
          "name": "Carnivine (A2a-9)",
          "count": 2
        },
        {
          "type": "Pok\u00e9mon",
          "url": "https://pocket.limitlesstcg.com/cards/A2a/35",
          "name": "Rotom (A2a-35)",
          "count": 1
        },
        {
          "type": "Pok\u00e9mon",
          "url": "https://pocket.limitlesstcg.com/cards/A2/62",
          "name": "Rotom (A2-62)",
          "count": 1
        },
        {
          "type": "Pok\u00e9mon",
          "url": "https://pocket.limitlesstcg.com/cards/A2a/69",
          "name": "Shaymin (A2a-69)",
          "count": 1
        },
        {
          "type": "Trainer",
          "url": "https://pocket.limitlesstcg.com/cards/P-A/7",
          "name": "Professor's Research",
          "count": 2
        },
        {
          "type": "Trainer",
          "url": "https://pocket.limitlesstcg.com/cards/A1/223",
          "name": "Giovanni",
          "count": 1
        },
        {
          "type": "Trainer",
          "url": "https://pocket.limitlesstcg.com/cards/A2/150",
          "name": "Cyrus",
          "count": 1
        },
        {
          "type": "Trainer",
          "url": "https://pocket.limitlesstcg.com/cards/A1/225",
          "name": "Sabrina",
          "count": 1
        },
        {
          "type": "Trainer",
          "url": "https://pocket.limitlesstcg.com/cards/A2/155",
          "name": "Mars",
          "count": 1
        },
        {
          "type": "Trainer",
          "url": "https://pocket.limitlesstcg.com/cards/A2b/71",
          "name": "Red",
          "count": 1
        },
        {
          "type": "Trainer",
          "url": "https://pocket.limitlesstcg.com/cards/P-A/5",
          "name": "Pok\u00e9 Ball",
          "count": 2
        },
        {
          "type": "Trainer",
          "url": "https://pocket.limitlesstcg.com/cards/A2/146",
          "name": "Pok\u00e9mon Communication",
          "count": 1
        },
        {
          "type": "Trainer",
          "url": "https://pocket.limitlesstcg.com/cards/P-A/2",
          "name": "X Speed",
          "count": 1
        },
        {
          "type": "Trainer",
          "url": "https://pocket.limitlesstcg.com/cards/A2/147",
          "name": "Giant Cape",
          "count": 2
        }
      ]
    },
    {
      "id": "babyeatingbaby",
      "name": "BabyEatingBaby",
      "placing": "30",
      "country": "US",
      "decklist": [
        {
          "type": "Pok\u00e9mon",
          "url": "https://pocket.limitlesstcg.com/cards/A2a/9",
          "name": "Carnivine (A2a-9)",
          "count": 2
        },
        {
          "type": "Pok\u00e9mon",
          "url": "https://pocket.limitlesstcg.com/cards/A2a/35",
          "name": "Rotom (A2a-35)",
          "count": 2
        },
        {
          "type": "Pok\u00e9mon",
          "url": "https://pocket.limitlesstcg.com/cards/A2a/71",
          "name": "Arceus ex (A2a-71)",
          "count": 2
        },
        {
          "type": "Pok\u00e9mon",
          "url": "https://pocket.limitlesstcg.com/cards/A2a/69",
          "name": "Shaymin (A2a-69)",
          "count": 1
        },
        {
          "type": "Trainer",
          "url": "https://pocket.limitlesstcg.com/cards/P-A/7",
          "name": "Professor's Research",
          "count": 2
        },
        {
          "type": "Trainer",
          "url": "https://pocket.limitlesstcg.com/cards/A2b/70",
          "name": "Pok\u00e9mon Center Lady",
          "count": 1
        },
        {
          "type": "Trainer",
          "url": "https://pocket.limitlesstcg.com/cards/A2b/71",
          "name": "Red",
          "count": 1
        },
        {
          "type": "Trainer",
          "url": "https://pocket.limitlesstcg.com/cards/A2/155",
          "name": "Mars",
          "count": 1
        },
        {
          "type": "Trainer",
          "url": "https://pocket.limitlesstcg.com/cards/A2/154",
          "name": "Dawn",
          "count": 1
        },
        {
          "type": "Trainer",
          "url": "https://pocket.limitlesstcg.com/cards/A1/225",
          "name": "Sabrina",
          "count": 1
        },
        {
          "type": "Trainer",
          "url": "https://pocket.limitlesstcg.com/cards/P-A/5",
          "name": "Pok\u00e9 Ball",
          "count": 2
        },
        {
          "type": "Trainer",
          "url": "https://pocket.limitlesstcg.com/cards/P-A/2",
          "name": "X Speed",
          "count": 1
        },
        {
          "type": "Trainer",
          "url": "https://pocket.limitlesstcg.com/cards/A2/148",
          "name": "Rocky Helmet",
          "count": 2
        },
        {
          "type": "Trainer",
          "url": "https://pocket.limitlesstcg.com/cards/A2/147",
          "name": "Giant Cape",
          "count": 1
        }
      ]
    }
  ],
  "matches": [
    {
      "match_results": [
        {
          "player_id": "guillaume40",
          "score": 1
        },
        {
          "player_id": "claudia_uwu",
          "score": 2
        }
      ]
    },
    {
      "match_results": [
        {
          "player_id": "sneakattack",
          "score": 2
        },
        {
          "player_id": "oier_bonilla",
          "score": 0
        }
      ]
    },
    {
      "match_results": [
        {
          "player_id": "funky420",
          "score": 0
        },
        {
          "player_id": "foxmccloud00",
          "score": 0
        }
      ]
    },
    {
      "match_results": [
        {
          "player_id": "arthur1248421",
          "score": 0
        },
        {
          "player_id": "croast",
          "score": 0
        }
      ]
    },
    {
      "match_results": [
        {
          "player_id": "itachipkmn",
          "score": 2
        },
        {
          "player_id": "luantrap",
          "score": 0
        }
      ]
    },
    {
      "match_results": [
        {
          "player_id": "laygus",
          "score": 2
        },
        {
          "player_id": "knight1608",
          "score": 1
        }
      ]
    },
    {
      "match_results": [
        {
          "player_id": "bigmack",
          "score": 0
        },
        {
          "player_id": "elliedark",
          "score": 0
        }
      ]
    },
    {
      "match_results": [
        {
          "player_id": "yeayea4sure",
          "score": 1
        },
        {
          "player_id": "learnednat",
          "score": 2
        }
      ]
    },
    {
      "match_results": [
        {
          "player_id": "princedillon",
          "score": 2
        },
        {
          "player_id": "captentromos",
          "score": 0
        }
      ]
    },
    {
      "match_results": [
        {
          "player_id": "luthkimak",
          "score": 0
        },
        {
          "player_id": "rere10",
          "score": 2
        }
      ]
    },
    {
      "match_results": [
        {
          "player_id": "breakyu",
          "score": 2
        },
        {
          "player_id": "spring_pocket487",
          "score": 0
        }
      ]
    },
    {
      "match_results": [
        {
          "player_id": "whitewolf_tv",
          "score": 2
        },
        {
          "player_id": "vitominatcg",
          "score": 1
        }
      ]
    },
    {
      "match_results": [
        {
          "player_id": "coolbenny7890",
          "score": 0
        },
        {
          "player_id": "babyeatingbaby",
          "score": 0
        }
      ]
    },
    {
      "match_results": [
        {
          "player_id": "salvador90",
          "score": 0
        },
        {
          "player_id": "nickdmv",
          "score": 2
        }
      ]
    },
    {
      "match_results": [
        {
          "player_id": "xtremiaaa",
          "score": 0
        },
        {
          "player_id": "psychopat14",
          "score": 2
        }
      ]
    },
    {
      "match_results": [
        {
          "player_id": "whitewolf_tv",
          "score": 2
        },
        {
          "player_id": "rere10",
          "score": 0
        }
      ]
    },
    {
      "match_results": [
        {
          "player_id": "nickdmv",
          "score": 2
        },
        {
          "player_id": "claudia_uwu",
          "score": 1
        }
      ]
    },
    {
      "match_results": [
        {
          "player_id": "breakyu",
          "score": 2
        },
        {
          "player_id": "coolbenny7890",
          "score": 0
        }
      ]
    },
    {
      "match_results": [
        {
          "player_id": "itachipkmn",
          "score": 2
        },
        {
          "player_id": "psychopat14",
          "score": 0
        }
      ]
    },
    {
      "match_results": [
        {
          "player_id": "bigmack",
          "score": 2
        },
        {
          "player_id": "sneakattack",
          "score": 1
        }
      ]
    },
    {
      "match_results": [
        {
          "player_id": "learnednat",
          "score": 2
        },
        {
          "player_id": "croast",
          "score": 0
        }
      ]
    },
    {
      "match_results": [
        {
          "player_id": "laygus",
          "score": 0
        },
        {
          "player_id": "funky420",
          "score": 2
        }
      ]
    },
    {
      "match_results": [
        {
          "player_id": "princedillon",
          "score": 0
        },
        {
          "player_id": "spring_pocket487",
          "score": 2
        }
      ]
    },
    {
      "match_results": [
        {
          "player_id": "elliedark",
          "score": 0
        },
        {
          "player_id": "foxmccloud00",
          "score": 0
        }
      ]
    },
    {
      "match_results": [
        {
          "player_id": "knight1608",
          "score": 0
        },
        {
          "player_id": "vitominatcg",
          "score": 2
        }
      ]
    },
    {
      "match_results": [
        {
          "player_id": "salvador90",
          "score": 1
        },
        {
          "player_id": "guillaume40",
          "score": 2
        }
      ]
    },
    {
      "match_results": [
        {
          "player_id": "captentromos",
          "score": 2
        },
        {
          "player_id": "oier_bonilla",
          "score": 0
        }
      ]
    },
    {
      "match_results": [
        {
          "player_id": "luthkimak",
          "score": 0
        },
        {
          "player_id": "xtremiaaa",
          "score": 0
        }
      ]
    },
    {
      "match_results": [
        {
          "player_id": "learnednat",
          "score": 2
        },
        {
          "player_id": "breakyu",
          "score": 1
        }
      ]
    },
    {
      "match_results": [
        {
          "player_id": "nickdmv",
          "score": 2
        },
        {
          "player_id": "funky420",
          "score": 0
        }
      ]
    },
    {
      "match_results": [
        {
          "player_id": "whitewolf_tv",
          "score": 0
        },
        {
          "player_id": "itachipkmn",
          "score": 0
        }
      ]
    },
    {
      "match_results": [
        {
          "player_id": "bigmack",
          "score": 2
        },
        {
          "player_id": "xtremiaaa",
          "score": 0
        }
      ]
    },
    {
      "match_results": [
        {
          "player_id": "sneakattack",
          "score": 1
        },
        {
          "player_id": "claudia_uwu",
          "score": 2
        }
      ]
    },
    {
      "match_results": [
        {
          "player_id": "spring_pocket487",
          "score": 2
        },
        {
          "player_id": "croast",
          "score": 0
        }
      ]
    },
    {
      "match_results": [
        {
          "player_id": "princedillon",
          "score": 0
        },
        {
          "player_id": "laygus",
          "score": 0
        }
      ]
    },
    {
      "match_results": [
        {
          "player_id": "rere10",
          "score": 2
        },
        {
          "player_id": "captentromos",
          "score": 1
        }
      ]
    },
    {
      "match_results": [
        {
          "player_id": "coolbenny7890",
          "score": 0
        },
        {
          "player_id": "vitominatcg",
          "score": 2
        }
      ]
    },
    {
      "match_results": [
        {
          "player_id": "guillaume40",
          "score": 2
        },
        {
          "player_id": "knight1608",
          "score": 0
        }
      ]
    },
    {
      "match_results": [
        {
          "player_id": "salvador90",
          "score": 0
        },
        {
          "player_id": "oier_bonilla",
          "score": 0
        }
      ]
    },
    {
      "match_results": [
        {
          "player_id": "nickdmv",
          "score": 2
        },
        {
          "player_id": "whitewolf_tv",
          "score": 0
        }
      ]
    },
    {
      "match_results": [
        {
          "player_id": "bigmack",
          "score": 2
        },
        {
          "player_id": "learnednat",
          "score": 0
        }
      ]
    },
    {
      "match_results": [
        {
          "player_id": "funky420",
          "score": 0
        },
        {
          "player_id": "princedillon",
          "score": 2
        }
      ]
    },
    {
      "match_results": [
        {
          "player_id": "breakyu",
          "score": 1
        },
        {
          "player_id": "guillaume40",
          "score": 2
        }
      ]
    },
    {
      "match_results": [
        {
          "player_id": "vitominatcg",
          "score": 0
        },
        {
          "player_id": "rere10",
          "score": 2
        }
      ]
    },
    {
      "match_results": [
        {
          "player_id": "claudia_uwu",
          "score": 0
        },
        {
          "player_id": "spring_pocket487",
          "score": 2
        }
      ]
    },
    {
      "match_results": [
        {
          "player_id": "luthkimak",
          "score": 0
        },
        {
          "player_id": "captentromos",
          "score": 0
        }
      ]
    },
    {
      "match_results": [
        {
          "player_id": "coolbenny7890",
          "score": 0
        },
        {
          "player_id": "xtremiaaa",
          "score": 0
        }
      ]
    },
    {
      "match_results": [
        {
          "player_id": "sneakattack",
          "score": 2
        },
        {
          "player_id": "salvador90",
          "score": 0
        }
      ]
    },
    {
      "match_results": [
        {
          "player_id": "oier_bonilla",
          "score": 0
        },
        {
          "player_id": "knight1608",
          "score": 0
        }
      ]
    },
    {
      "match_results": [
        {
          "player_id": "nickdmv",
          "score": 1
        },
        {
          "player_id": "bigmack",
          "score": 1
        }
      ]
    },
    {
      "match_results": [
        {
          "player_id": "princedillon",
          "score": 2
        },
        {
          "player_id": "guillaume40",
          "score": 0
        }
      ]
    },
    {
      "match_results": [
        {
          "player_id": "whitewolf_tv",
          "score": 1
        },
        {
          "player_id": "spring_pocket487",
          "score": 2
        }
      ]
    },
    {
      "match_results": [
        {
          "player_id": "rere10",
          "score": 0
        },
        {
          "player_id": "learnednat",
          "score": 2
        }
      ]
    },
    {
      "match_results": [
        {
          "player_id": "claudia_uwu",
          "score": 0
        },
        {
          "player_id": "vitominatcg",
          "score": 0
        }
      ]
    },
    {
      "match_results": [
        {
          "player_id": "xtremiaaa",
          "score": 1
        },
        {
          "player_id": "captentromos",
          "score": 2
        }
      ]
    },
    {
      "match_results": [
        {
          "player_id": "sneakattack",
          "score": 2
        },
        {
          "player_id": "breakyu",
          "score": 1
        }
      ]
    },
    {
      "match_results": [
        {
          "player_id": "salvador90",
          "score": 0
        },
        {
          "player_id": "luthkimak",
          "score": 0
        }
      ]
    },
    {
      "match_results": [
        {
          "player_id": "coolbenny7890",
          "score": 0
        },
        {
          "player_id": "oier_bonilla",
          "score": 0
        }
      ]
    },
    {
      "match_results": [
        {
          "player_id": "bigmack",
          "score": 0
        },
        {
          "player_id": "rere10",
          "score": 2
        }
      ]
    },
    {
      "match_results": [
        {
          "player_id": "spring_pocket487",
          "score": 0
        },
        {
          "player_id": "learnednat",
          "score": 2
        }
      ]
    },
    {
      "match_results": [
        {
          "player_id": "nickdmv",
          "score": 0
        },
        {
          "player_id": "claudia_uwu",
          "score": 2
        }
      ]
    },
    {
      "match_results": [
        {
          "player_id": "princedillon",
          "score": 2
        },
        {
          "player_id": "whitewolf_tv",
          "score": 1
        }
      ]
    },
    {
      "match_results": [
        {
          "player_id": "rere10",
          "score": 0
        },
        {
          "player_id": "learnednat",
          "score": 2
        }
      ]
    },
    {
      "match_results": [
        {
          "player_id": "claudia_uwu",
          "score": 2
        },
        {
          "player_id": "princedillon",
          "score": 1
        }
      ]
    },
    {
      "match_results": [
        {
          "player_id": "learnednat",
          "score": 1
        },
        {
          "player_id": "claudia_uwu",
          "score": 2
        }
      ]
    }
  ]
}