{
  "id": "68102431fcf14d4e4278f72a",
  "name": "GeekoPoke Pocket V",
  "date": "2025-04-30T00:00:00.000Z",
  "organizer": "Geekorium, Emporio Magico.",
  "format": "1",
  "nb_players": "21",
  "players": [
    {
      "id": "enrimaster",
      "name": "enrimaster",
      "placing": "1",
      "country": "VE",
      "decklist": [
        {
          "type": "Pok\u00e9mon",
          "url": "https://pocket.limitlesstcg.com/cards/A2b/35",
          "name": "Giratina ex (A2b-35)",
          "count": 2
        },
        {
          "type": "Pok\u00e9mon",
          "url": "https://pocket.limitlesstcg.com/cards/A1/129",
          "name": "Mewtwo ex (A1-129)",
          "count": 1
        },
        {
          "type": "Trainer",
          "url": "https://pocket.limitlesstcg.com/cards/P-A/7",
          "name": "Professor's Research",
          "count": 2
        },
        {
          "type": "Trainer",
          "url": "https://pocket.limitlesstcg.com/cards/A2/155",
          "name": "Mars",
          "count": 2
        },
        {
          "type": "Trainer",
          "url": "https://pocket.limitlesstcg.com/cards/A2b/71",
          "name": "Red",
          "count": 2
        },
        {
          "type": "Trainer",
          "url": "https://pocket.limitlesstcg.com/cards/A2b/70",
          "name": "Pok\u00e9mon Center Lady",
          "count": 1
        },
        {
          "type": "Trainer",
          "url": "https://pocket.limitlesstcg.com/cards/A2/150",
          "name": "Cyrus",
          "count": 1
        },
        {
          "type": "Trainer",
          "url": "https://pocket.limitlesstcg.com/cards/A1/225",
          "name": "Sabrina",
          "count": 1
        },
        {
          "type": "Trainer",
          "url": "https://pocket.limitlesstcg.com/cards/A2/154",
          "name": "Dawn",
          "count": 1
        },
        {
          "type": "Trainer",
          "url": "https://pocket.limitlesstcg.com/cards/P-A/1",
          "name": "Potion",
          "count": 2
        },
        {
          "type": "Trainer",
          "url": "https://pocket.limitlesstcg.com/cards/P-A/5",
          "name": "Pok\u00e9 Ball",
          "count": 2
        },
        {
          "type": "Trainer",
          "url": "https://pocket.limitlesstcg.com/cards/A2/147",
          "name": "Giant Cape",
          "count": 2
        },
        {
          "type": "Trainer",
          "url": "https://pocket.limitlesstcg.com/cards/A2/148",
          "name": "Rocky Helmet",
          "count": 1
        }
      ]
    },
    {
      "id": "miteinikki",
      "name": "MiteiNikki",
      "placing": "2",
      "country": "VE",
      "decklist": [
        {
          "type": "Pok\u00e9mon",
          "url": "https://pocket.limitlesstcg.com/cards/A2b/35",
          "name": "Giratina ex (A2b-35)",
          "count": 2
        },
        {
          "type": "Pok\u00e9mon",
          "url": "https://pocket.limitlesstcg.com/cards/A2/110",
          "name": "Darkrai ex (A2-110)",
          "count": 2
        },
        {
          "type": "Trainer",
          "url": "https://pocket.limitlesstcg.com/cards/P-A/7",
          "name": "Professor's Research",
          "count": 2
        },
        {
          "type": "Trainer",
          "url": "https://pocket.limitlesstcg.com/cards/A1a/68",
          "name": "Leaf",
          "count": 2
        },
        {
          "type": "Trainer",
          "url": "https://pocket.limitlesstcg.com/cards/A2b/70",
          "name": "Pok\u00e9mon Center Lady",
          "count": 2
        },
        {
          "type": "Trainer",
          "url": "https://pocket.limitlesstcg.com/cards/A2b/71",
          "name": "Red",
          "count": 1
        },
        {
          "type": "Trainer",
          "url": "https://pocket.limitlesstcg.com/cards/A2/150",
          "name": "Cyrus",
          "count": 1
        },
        {
          "type": "Trainer",
          "url": "https://pocket.limitlesstcg.com/cards/A1/225",
          "name": "Sabrina",
          "count": 1
        },
        {
          "type": "Trainer",
          "url": "https://pocket.limitlesstcg.com/cards/P-A/5",
          "name": "Pok\u00e9 Ball",
          "count": 2
        },
        {
          "type": "Trainer",
          "url": "https://pocket.limitlesstcg.com/cards/P-A/1",
          "name": "Potion",
          "count": 2
        },
        {
          "type": "Trainer",
          "url": "https://pocket.limitlesstcg.com/cards/A2/147",
          "name": "Giant Cape",
          "count": 2
        },
        {
          "type": "Trainer",
          "url": "https://pocket.limitlesstcg.com/cards/A2/148",
          "name": "Rocky Helmet",
          "count": 1
        }
      ]
    },
    {
      "id": "gusd307",
      "name": "GusD307",
      "placing": "3",
      "country": "VE",
      "decklist": [
        {
          "type": "Pok\u00e9mon",
          "url": "https://pocket.limitlesstcg.com/cards/A2b/35",
          "name": "Giratina ex (A2b-35)",
          "count": 2
        },
        {
          "type": "Pok\u00e9mon",
          "url": "https://pocket.limitlesstcg.com/cards/A2/110",
          "name": "Darkrai ex (A2-110)",
          "count": 2
        },
        {
          "type": "Trainer",
          "url": "https://pocket.limitlesstcg.com/cards/P-A/7",
          "name": "Professor's Research",
          "count": 2
        },
        {
          "type": "Trainer",
          "url": "https://pocket.limitlesstcg.com/cards/A2b/70",
          "name": "Pok\u00e9mon Center Lady",
          "count": 1
        },
        {
          "type": "Trainer",
          "url": "https://pocket.limitlesstcg.com/cards/A1/225",
          "name": "Sabrina",
          "count": 1
        },
        {
          "type": "Trainer",
          "url": "https://pocket.limitlesstcg.com/cards/A2/155",
          "name": "Mars",
          "count": 1
        },
        {
          "type": "Trainer",
          "url": "https://pocket.limitlesstcg.com/cards/A2/150",
          "name": "Cyrus",
          "count": 1
        },
        {
          "type": "Trainer",
          "url": "https://pocket.limitlesstcg.com/cards/A2b/71",
          "name": "Red",
          "count": 1
        },
        {
          "type": "Trainer",
          "url": "https://pocket.limitlesstcg.com/cards/A1a/68",
          "name": "Leaf",
          "count": 1
        },
        {
          "type": "Trainer",
          "url": "https://pocket.limitlesstcg.com/cards/P-A/1",
          "name": "Potion",
          "count": 2
        },
        {
          "type": "Trainer",
          "url": "https://pocket.limitlesstcg.com/cards/P-A/5",
          "name": "Pok\u00e9 Ball",
          "count": 2
        },
        {
          "type": "Trainer",
          "url": "https://pocket.limitlesstcg.com/cards/A2/147",
          "name": "Giant Cape",
          "count": 2
        },
        {
          "type": "Trainer",
          "url": "https://pocket.limitlesstcg.com/cards/A2/148",
          "name": "Rocky Helmet",
          "count": 2
        }
      ]
    },
    {
      "id": "alejmendesr",
      "name": "Alejmendesr",
      "placing": "4",
      "country": "VE",
      "decklist": [
        {
          "type": "Pok\u00e9mon",
          "url": "https://pocket.limitlesstcg.com/cards/A1a/17",
          "name": "Magikarp (A1a-17)",
          "count": 2
        },
        {
          "type": "Pok\u00e9mon",
          "url": "https://pocket.limitlesstcg.com/cards/A1a/18",
          "name": "Gyarados ex (A1a-18)",
          "count": 2
        },
        {
          "type": "Pok\u00e9mon",
          "url": "https://pocket.limitlesstcg.com/cards/A2/50",
          "name": "Manaphy (A2-50)",
          "count": 2
        },
        {
          "type": "Pok\u00e9mon",
          "url": "https://pocket.limitlesstcg.com/cards/A2a/23",
          "name": "Origin Forme Palkia (A2a-23)",
          "count": 1
        },
        {
          "type": "Trainer",
          "url": "https://pocket.limitlesstcg.com/cards/P-A/7",
          "name": "Professor's Research",
          "count": 2
        },
        {
          "type": "Trainer",
          "url": "https://pocket.limitlesstcg.com/cards/A1/220",
          "name": "Misty",
          "count": 2
        },
        {
          "type": "Trainer",
          "url": "https://pocket.limitlesstcg.com/cards/A1/225",
          "name": "Sabrina",
          "count": 1
        },
        {
          "type": "Trainer",
          "url": "https://pocket.limitlesstcg.com/cards/A2/155",
          "name": "Mars",
          "count": 1
        },
        {
          "type": "Trainer",
          "url": "https://pocket.limitlesstcg.com/cards/A2a/72",
          "name": "Irida",
          "count": 1
        },
        {
          "type": "Trainer",
          "url": "https://pocket.limitlesstcg.com/cards/A2b/71",
          "name": "Red",
          "count": 1
        },
        {
          "type": "Trainer",
          "url": "https://pocket.limitlesstcg.com/cards/P-A/5",
          "name": "Pok\u00e9 Ball",
          "count": 2
        },
        {
          "type": "Trainer",
          "url": "https://pocket.limitlesstcg.com/cards/A2/146",
          "name": "Pok\u00e9mon Communication",
          "count": 1
        },
        {
          "type": "Trainer",
          "url": "https://pocket.limitlesstcg.com/cards/A2/147",
          "name": "Giant Cape",
          "count": 1
        },
        {
          "type": "Trainer",
          "url": "https://pocket.limitlesstcg.com/cards/A2/148",
          "name": "Rocky Helmet",
          "count": 1
        }
      ]
    },
    {
      "id": "erchino69",
      "name": "Erchino69",
      "placing": "5",
      "country": "VE",
      "decklist": [
        {
          "type": "Pok\u00e9mon",
          "url": "https://pocket.limitlesstcg.com/cards/A1a/17",
          "name": "Magikarp (A1a-17)",
          "count": 2
        },
        {
          "type": "Pok\u00e9mon",
          "url": "https://pocket.limitlesstcg.com/cards/A1a/18",
          "name": "Gyarados ex (A1a-18)",
          "count": 2
        },
        {
          "type": "Pok\u00e9mon",
          "url": "https://pocket.limitlesstcg.com/cards/A2/50",
          "name": "Manaphy (A2-50)",
          "count": 2
        },
        {
          "type": "Pok\u00e9mon",
          "url": "https://pocket.limitlesstcg.com/cards/A2a/23",
          "name": "Origin Forme Palkia (A2a-23)",
          "count": 1
        },
        {
          "type": "Trainer",
          "url": "https://pocket.limitlesstcg.com/cards/P-A/7",
          "name": "Professor's Research",
          "count": 2
        },
        {
          "type": "Trainer",
          "url": "https://pocket.limitlesstcg.com/cards/A1a/68",
          "name": "Leaf",
          "count": 2
        },
        {
          "type": "Trainer",
          "url": "https://pocket.limitlesstcg.com/cards/A2a/72",
          "name": "Irida",
          "count": 2
        },
        {
          "type": "Trainer",
          "url": "https://pocket.limitlesstcg.com/cards/A1/225",
          "name": "Sabrina",
          "count": 1
        },
        {
          "type": "Trainer",
          "url": "https://pocket.limitlesstcg.com/cards/A2b/71",
          "name": "Red",
          "count": 1
        },
        {
          "type": "Trainer",
          "url": "https://pocket.limitlesstcg.com/cards/P-A/5",
          "name": "Pok\u00e9 Ball",
          "count": 2
        },
        {
          "type": "Trainer",
          "url": "https://pocket.limitlesstcg.com/cards/A2/146",
          "name": "Pok\u00e9mon Communication",
          "count": 1
        },
        {
          "type": "Trainer",
          "url": "https://pocket.limitlesstcg.com/cards/A2/148",
          "name": "Rocky Helmet",
          "count": 2
        }
      ]
    },
    {
      "id": "euviro13",
      "name": "euviro13",
      "placing": "6",
      "country": "VE",
      "decklist": [
        {
          "type": "Pok\u00e9mon",
          "url": "https://pocket.limitlesstcg.com/cards/A2/61",
          "name": "Pachirisu ex (A2-61)",
          "count": 2
        },
        {
          "type": "Pok\u00e9mon",
          "url": "https://pocket.limitlesstcg.com/cards/A2b/22",
          "name": "Pikachu ex (A2b-22)",
          "count": 1
        },
        {
          "type": "Trainer",
          "url": "https://pocket.limitlesstcg.com/cards/P-A/7",
          "name": "Professor's Research",
          "count": 2
        },
        {
          "type": "Trainer",
          "url": "https://pocket.limitlesstcg.com/cards/A2b/71",
          "name": "Red",
          "count": 1
        },
        {
          "type": "Trainer",
          "url": "https://pocket.limitlesstcg.com/cards/A2b/70",
          "name": "Pok\u00e9mon Center Lady",
          "count": 1
        },
        {
          "type": "Trainer",
          "url": "https://pocket.limitlesstcg.com/cards/A2b/72",
          "name": "Team Rocket Grunt",
          "count": 1
        },
        {
          "type": "Trainer",
          "url": "https://pocket.limitlesstcg.com/cards/A2/154",
          "name": "Dawn",
          "count": 1
        },
        {
          "type": "Trainer",
          "url": "https://pocket.limitlesstcg.com/cards/A2/150",
          "name": "Cyrus",
          "count": 1
        },
        {
          "type": "Trainer",
          "url": "https://pocket.limitlesstcg.com/cards/A1/225",
          "name": "Sabrina",
          "count": 1
        },
        {
          "type": "Trainer",
          "url": "https://pocket.limitlesstcg.com/cards/P-A/5",
          "name": "Pok\u00e9 Ball",
          "count": 2
        },
        {
          "type": "Trainer",
          "url": "https://pocket.limitlesstcg.com/cards/P-A/1",
          "name": "Potion",
          "count": 2
        },
        {
          "type": "Trainer",
          "url": "https://pocket.limitlesstcg.com/cards/P-A/2",
          "name": "X Speed",
          "count": 1
        },
        {
          "type": "Trainer",
          "url": "https://pocket.limitlesstcg.com/cards/A2/147",
          "name": "Giant Cape",
          "count": 2
        },
        {
          "type": "Trainer",
          "url": "https://pocket.limitlesstcg.com/cards/A2/148",
          "name": "Rocky Helmet",
          "count": 2
        }
      ]
    },
    {
      "id": "wolfidrau",
      "name": "WOLFIDRAU",
      "placing": "7",
      "country": "VE",
      "decklist": [
        {
          "type": "Pok\u00e9mon",
          "url": "https://pocket.limitlesstcg.com/cards/A2/98",
          "name": "Sneasel (A2-98)",
          "count": 2
        },
        {
          "type": "Pok\u00e9mon",
          "url": "https://pocket.limitlesstcg.com/cards/A2/99",
          "name": "Weavile ex (A2-99)",
          "count": 2
        },
        {
          "type": "Pok\u00e9mon",
          "url": "https://pocket.limitlesstcg.com/cards/A2/110",
          "name": "Darkrai ex (A2-110)",
          "count": 2
        },
        {
          "type": "Pok\u00e9mon",
          "url": "https://pocket.limitlesstcg.com/cards/A2b/35",
          "name": "Giratina ex (A2b-35)",
          "count": 1
        },
        {
          "type": "Trainer",
          "url": "https://pocket.limitlesstcg.com/cards/P-A/7",
          "name": "Professor's Research",
          "count": 2
        },
        {
          "type": "Trainer",
          "url": "https://pocket.limitlesstcg.com/cards/A1a/68",
          "name": "Leaf",
          "count": 2
        },
        {
          "type": "Trainer",
          "url": "https://pocket.limitlesstcg.com/cards/A1/225",
          "name": "Sabrina",
          "count": 1
        },
        {
          "type": "Trainer",
          "url": "https://pocket.limitlesstcg.com/cards/A2b/71",
          "name": "Red",
          "count": 1
        },
        {
          "type": "Trainer",
          "url": "https://pocket.limitlesstcg.com/cards/A2/154",
          "name": "Dawn",
          "count": 1
        },
        {
          "type": "Trainer",
          "url": "https://pocket.limitlesstcg.com/cards/A2/150",
          "name": "Cyrus",
          "count": 1
        },
        {
          "type": "Trainer",
          "url": "https://pocket.limitlesstcg.com/cards/P-A/5",
          "name": "Pok\u00e9 Ball",
          "count": 2
        },
        {
          "type": "Trainer",
          "url": "https://pocket.limitlesstcg.com/cards/P-A/1",
          "name": "Potion",
          "count": 1
        },
        {
          "type": "Trainer",
          "url": "https://pocket.limitlesstcg.com/cards/A2/147",
          "name": "Giant Cape",
          "count": 1
        },
        {
          "type": "Trainer",
          "url": "https://pocket.limitlesstcg.com/cards/A2/148",
          "name": "Rocky Helmet",
          "count": 1
        }
      ]
    },
    {
      "id": "victamer",
      "name": "VicTamer",
      "placing": "8",
      "country": "VE",
      "decklist": [
        {
          "type": "Pok\u00e9mon",
          "url": "https://pocket.limitlesstcg.com/cards/A2b/5",
          "name": "Sprigatito (A2b-5)",
          "count": 2
        },
        {
          "type": "Pok\u00e9mon",
          "url": "https://pocket.limitlesstcg.com/cards/A2b/6",
          "name": "Floragato (A2b-6)",
          "count": 2
        },
        {
          "type": "Pok\u00e9mon",
          "url": "https://pocket.limitlesstcg.com/cards/A2b/7",
          "name": "Meowscarada (A2b-7)",
          "count": 2
        },
        {
          "type": "Pok\u00e9mon",
          "url": "https://pocket.limitlesstcg.com/cards/A2b/1",
          "name": "Weedle (A2b-1)",
          "count": 2
        },
        {
          "type": "Pok\u00e9mon",
          "url": "https://pocket.limitlesstcg.com/cards/A2b/2",
          "name": "Kakuna (A2b-2)",
          "count": 2
        },
        {
          "type": "Pok\u00e9mon",
          "url": "https://pocket.limitlesstcg.com/cards/A2b/3",
          "name": "Beedrill ex (A2b-3)",
          "count": 1
        },
        {
          "type": "Pok\u00e9mon",
          "url": "https://pocket.limitlesstcg.com/cards/A1/10",
          "name": "Beedrill (A1-10)",
          "count": 1
        },
        {
          "type": "Trainer",
          "url": "https://pocket.limitlesstcg.com/cards/P-A/7",
          "name": "Professor's Research",
          "count": 2
        },
        {
          "type": "Trainer",
          "url": "https://pocket.limitlesstcg.com/cards/A1/219",
          "name": "Erika",
          "count": 2
        },
        {
          "type": "Trainer",
          "url": "https://pocket.limitlesstcg.com/cards/A2b/71",
          "name": "Red",
          "count": 2
        },
        {
          "type": "Trainer",
          "url": "https://pocket.limitlesstcg.com/cards/P-A/5",
          "name": "Pok\u00e9 Ball",
          "count": 1
        },
        {
          "type": "Trainer",
          "url": "https://pocket.limitlesstcg.com/cards/P-A/1",
          "name": "Potion",
          "count": 1
        }
      ]
    },
    {
      "id": "gheliersan",
      "name": "gheliersan",
      "placing": "9",
      "country": "VE",
      "decklist": [
        {
          "type": "Pok\u00e9mon",
          "url": "https://pocket.limitlesstcg.com/cards/A2b/35",
          "name": "Giratina ex (A2b-35)",
          "count": 2
        },
        {
          "type": "Pok\u00e9mon",
          "url": "https://pocket.limitlesstcg.com/cards/A2/110",
          "name": "Darkrai ex (A2-110)",
          "count": 2
        },
        {
          "type": "Trainer",
          "url": "https://pocket.limitlesstcg.com/cards/A2b/71",
          "name": "Red",
          "count": 2
        },
        {
          "type": "Trainer",
          "url": "https://pocket.limitlesstcg.com/cards/A1a/68",
          "name": "Leaf",
          "count": 2
        },
        {
          "type": "Trainer",
          "url": "https://pocket.limitlesstcg.com/cards/A2/150",
          "name": "Cyrus",
          "count": 2
        },
        {
          "type": "Trainer",
          "url": "https://pocket.limitlesstcg.com/cards/P-A/7",
          "name": "Professor's Research",
          "count": 2
        },
        {
          "type": "Trainer",
          "url": "https://pocket.limitlesstcg.com/cards/A2b/69",
          "name": "Iono",
          "count": 2
        },
        {
          "type": "Trainer",
          "url": "https://pocket.limitlesstcg.com/cards/A2b/70",
          "name": "Pok\u00e9mon Center Lady",
          "count": 1
        },
        {
          "type": "Trainer",
          "url": "https://pocket.limitlesstcg.com/cards/P-A/5",
          "name": "Pok\u00e9 Ball",
          "count": 2
        },
        {
          "type": "Trainer",
          "url": "https://pocket.limitlesstcg.com/cards/A2/147",
          "name": "Giant Cape",
          "count": 2
        },
        {
          "type": "Trainer",
          "url": "https://pocket.limitlesstcg.com/cards/A2/148",
          "name": "Rocky Helmet",
          "count": 1
        }
      ]
    },
    {
      "id": "jonless",
      "name": "Jonless",
      "placing": "10",
      "country": "VE",
      "decklist": [
        {
          "type": "Pok\u00e9mon",
          "url": "https://pocket.limitlesstcg.com/cards/A2b/35",
          "name": "Giratina ex (A2b-35)",
          "count": 2
        },
        {
          "type": "Pok\u00e9mon",
          "url": "https://pocket.limitlesstcg.com/cards/A2/110",
          "name": "Darkrai ex (A2-110)",
          "count": 2
        },
        {
          "type": "Trainer",
          "url": "https://pocket.limitlesstcg.com/cards/P-A/7",
          "name": "Professor's Research",
          "count": 2
        },
        {
          "type": "Trainer",
          "url": "https://pocket.limitlesstcg.com/cards/A2b/70",
          "name": "Pok\u00e9mon Center Lady",
          "count": 2
        },
        {
          "type": "Trainer",
          "url": "https://pocket.limitlesstcg.com/cards/A1a/68",
          "name": "Leaf",
          "count": 2
        },
        {
          "type": "Trainer",
          "url": "https://pocket.limitlesstcg.com/cards/A1/225",
          "name": "Sabrina",
          "count": 1
        },
        {
          "type": "Trainer",
          "url": "https://pocket.limitlesstcg.com/cards/A2/150",
          "name": "Cyrus",
          "count": 1
        },
        {
          "type": "Trainer",
          "url": "https://pocket.limitlesstcg.com/cards/A2b/71",
          "name": "Red",
          "count": 1
        },
        {
          "type": "Trainer",
          "url": "https://pocket.limitlesstcg.com/cards/P-A/1",
          "name": "Potion",
          "count": 2
        },
        {
          "type": "Trainer",
          "url": "https://pocket.limitlesstcg.com/cards/P-A/5",
          "name": "Pok\u00e9 Ball",
          "count": 2
        },
        {
          "type": "Trainer",
          "url": "https://pocket.limitlesstcg.com/cards/A2/147",
          "name": "Giant Cape",
          "count": 2
        },
        {
          "type": "Trainer",
          "url": "https://pocket.limitlesstcg.com/cards/A2/148",
          "name": "Rocky Helmet",
          "count": 1
        }
      ]
    },
    {
      "id": "umeechaan",
      "name": "umeechaan",
      "placing": "11",
      "country": "VE",
      "decklist": [
        {
          "type": "Pok\u00e9mon",
          "url": "https://pocket.limitlesstcg.com/cards/A2b/35",
          "name": "Giratina ex (A2b-35)",
          "count": 2
        },
        {
          "type": "Pok\u00e9mon",
          "url": "https://pocket.limitlesstcg.com/cards/A2/110",
          "name": "Darkrai ex (A2-110)",
          "count": 2
        },
        {
          "type": "Trainer",
          "url": "https://pocket.limitlesstcg.com/cards/P-A/7",
          "name": "Professor's Research",
          "count": 2
        },
        {
          "type": "Trainer",
          "url": "https://pocket.limitlesstcg.com/cards/A1/225",
          "name": "Sabrina",
          "count": 1
        },
        {
          "type": "Trainer",
          "url": "https://pocket.limitlesstcg.com/cards/A1a/68",
          "name": "Leaf",
          "count": 1
        },
        {
          "type": "Trainer",
          "url": "https://pocket.limitlesstcg.com/cards/A2/150",
          "name": "Cyrus",
          "count": 1
        },
        {
          "type": "Trainer",
          "url": "https://pocket.limitlesstcg.com/cards/A2/155",
          "name": "Mars",
          "count": 1
        },
        {
          "type": "Trainer",
          "url": "https://pocket.limitlesstcg.com/cards/A2b/70",
          "name": "Pok\u00e9mon Center Lady",
          "count": 1
        },
        {
          "type": "Trainer",
          "url": "https://pocket.limitlesstcg.com/cards/A2b/71",
          "name": "Red",
          "count": 1
        },
        {
          "type": "Trainer",
          "url": "https://pocket.limitlesstcg.com/cards/P-A/1",
          "name": "Potion",
          "count": 2
        },
        {
          "type": "Trainer",
          "url": "https://pocket.limitlesstcg.com/cards/P-A/5",
          "name": "Pok\u00e9 Ball",
          "count": 2
        },
        {
          "type": "Trainer",
          "url": "https://pocket.limitlesstcg.com/cards/A2/147",
          "name": "Giant Cape",
          "count": 2
        },
        {
          "type": "Trainer",
          "url": "https://pocket.limitlesstcg.com/cards/A2/148",
          "name": "Rocky Helmet",
          "count": 2
        }
      ]
    },
    {
      "id": "vicinf",
      "name": "VicInf",
      "placing": "12",
      "country": "VE",
      "decklist": [
        {
          "type": "Pok\u00e9mon",
          "url": "https://pocket.limitlesstcg.com/cards/A2b/5",
          "name": "Sprigatito (A2b-5)",
          "count": 2
        },
        {
          "type": "Pok\u00e9mon",
          "url": "https://pocket.limitlesstcg.com/cards/A2b/6",
          "name": "Floragato (A2b-6)",
          "count": 2
        },
        {
          "type": "Pok\u00e9mon",
          "url": "https://pocket.limitlesstcg.com/cards/A2b/7",
          "name": "Meowscarada (A2b-7)",
          "count": 2
        },
        {
          "type": "Pok\u00e9mon",
          "url": "https://pocket.limitlesstcg.com/cards/A1/8",
          "name": "Weedle (A1-8)",
          "count": 1
        },
        {
          "type": "Pok\u00e9mon",
          "url": "https://pocket.limitlesstcg.com/cards/A2b/2",
          "name": "Kakuna (A2b-2)",
          "count": 1
        },
        {
          "type": "Pok\u00e9mon",
          "url": "https://pocket.limitlesstcg.com/cards/A2b/3",
          "name": "Beedrill ex (A2b-3)",
          "count": 1
        },
        {
          "type": "Trainer",
          "url": "https://pocket.limitlesstcg.com/cards/A1/219",
          "name": "Erika",
          "count": 2
        },
        {
          "type": "Trainer",
          "url": "https://pocket.limitlesstcg.com/cards/P-A/7",
          "name": "Professor's Research",
          "count": 2
        },
        {
          "type": "Trainer",
          "url": "https://pocket.limitlesstcg.com/cards/A2/150",
          "name": "Cyrus",
          "count": 1
        },
        {
          "type": "Trainer",
          "url": "https://pocket.limitlesstcg.com/cards/A2b/71",
          "name": "Red",
          "count": 1
        },
        {
          "type": "Trainer",
          "url": "https://pocket.limitlesstcg.com/cards/A2b/72",
          "name": "Team Rocket Grunt",
          "count": 1
        },
        {
          "type": "Trainer",
          "url": "https://pocket.limitlesstcg.com/cards/P-A/5",
          "name": "Pok\u00e9 Ball",
          "count": 2
        },
        {
          "type": "Trainer",
          "url": "https://pocket.limitlesstcg.com/cards/A2/146",
          "name": "Pok\u00e9mon Communication",
          "count": 1
        },
        {
          "type": "Trainer",
          "url": "https://pocket.limitlesstcg.com/cards/A2/147",
          "name": "Giant Cape",
          "count": 1
        }
      ]
    },
    {
      "id": "kinji27",
      "name": "Kinji27",
      "placing": "13",
      "country": "VE",
      "decklist": [
        {
          "type": "Pok\u00e9mon",
          "url": "https://pocket.limitlesstcg.com/cards/A1/130",
          "name": "Ralts (A1-130)",
          "count": 2
        },
        {
          "type": "Pok\u00e9mon",
          "url": "https://pocket.limitlesstcg.com/cards/A1/131",
          "name": "Kirlia (A1-131)",
          "count": 2
        },
        {
          "type": "Pok\u00e9mon",
          "url": "https://pocket.limitlesstcg.com/cards/A1/132",
          "name": "Gardevoir (A1-132)",
          "count": 2
        },
        {
          "type": "Pok\u00e9mon",
          "url": "https://pocket.limitlesstcg.com/cards/A1/129",
          "name": "Mewtwo ex (A1-129)",
          "count": 2
        },
        {
          "type": "Pok\u00e9mon",
          "url": "https://pocket.limitlesstcg.com/cards/A2b/35",
          "name": "Giratina ex (A2b-35)",
          "count": 2
        },
        {
          "type": "Trainer",
          "url": "https://pocket.limitlesstcg.com/cards/P-A/7",
          "name": "Professor's Research",
          "count": 2
        },
        {
          "type": "Trainer",
          "url": "https://pocket.limitlesstcg.com/cards/A2b/71",
          "name": "Red",
          "count": 1
        },
        {
          "type": "Trainer",
          "url": "https://pocket.limitlesstcg.com/cards/A1/223",
          "name": "Giovanni",
          "count": 1
        },
        {
          "type": "Trainer",
          "url": "https://pocket.limitlesstcg.com/cards/P-A/5",
          "name": "Pok\u00e9 Ball",
          "count": 2
        },
        {
          "type": "Trainer",
          "url": "https://pocket.limitlesstcg.com/cards/P-A/1",
          "name": "Potion",
          "count": 2
        },
        {
          "type": "Trainer",
          "url": "https://pocket.limitlesstcg.com/cards/A2/146",
          "name": "Pok\u00e9mon Communication",
          "count": 1
        },
        {
          "type": "Trainer",
          "url": "https://pocket.limitlesstcg.com/cards/P-A/2",
          "name": "X Speed",
          "count": 1
        }
      ]
    },
    {
      "id": "bryant1512",
      "name": "Bryant1512",
      "placing": "14",
      "country": "VE",
      "decklist": [
        {
          "type": "Pok\u00e9mon",
          "url": "https://pocket.limitlesstcg.com/cards/A2b/8",
          "name": "Charmander (A2b-8)",
          "count": 1
        },
        {
          "type": "Pok\u00e9mon",
          "url": "https://pocket.limitlesstcg.com/cards/A1/33",
          "name": "Charmander (A1-33)",
          "count": 1
        },
        {
          "type": "Pok\u00e9mon",
          "url": "https://pocket.limitlesstcg.com/cards/A1/34",
          "name": "Charmeleon (A1-34)",
          "count": 1
        },
        {
          "type": "Pok\u00e9mon",
          "url": "https://pocket.limitlesstcg.com/cards/A2b/9",
          "name": "Charmeleon (A2b-9)",
          "count": 1
        },
        {
          "type": "Pok\u00e9mon",
          "url": "https://pocket.limitlesstcg.com/cards/A1/36",
          "name": "Charizard ex (A1-36)",
          "count": 2
        },
        {
          "type": "Pok\u00e9mon",
          "url": "https://pocket.limitlesstcg.com/cards/A1/47",
          "name": "Moltres ex (A1-47)",
          "count": 1
        },
        {
          "type": "Trainer",
          "url": "https://pocket.limitlesstcg.com/cards/P-A/7",
          "name": "Professor's Research",
          "count": 2
        },
        {
          "type": "Trainer",
          "url": "https://pocket.limitlesstcg.com/cards/A1/225",
          "name": "Sabrina",
          "count": 2
        },
        {
          "type": "Trainer",
          "url": "https://pocket.limitlesstcg.com/cards/A2b/70",
          "name": "Pok\u00e9mon Center Lady",
          "count": 1
        },
        {
          "type": "Trainer",
          "url": "https://pocket.limitlesstcg.com/cards/A1/223",
          "name": "Giovanni",
          "count": 1
        },
        {
          "type": "Trainer",
          "url": "https://pocket.limitlesstcg.com/cards/A2/155",
          "name": "Mars",
          "count": 1
        },
        {
          "type": "Trainer",
          "url": "https://pocket.limitlesstcg.com/cards/A2/150",
          "name": "Cyrus",
          "count": 1
        },
        {
          "type": "Trainer",
          "url": "https://pocket.limitlesstcg.com/cards/A2b/71",
          "name": "Red",
          "count": 1
        },
        {
          "type": "Trainer",
          "url": "https://pocket.limitlesstcg.com/cards/P-A/5",
          "name": "Pok\u00e9 Ball",
          "count": 2
        },
        {
          "type": "Trainer",
          "url": "https://pocket.limitlesstcg.com/cards/P-A/2",
          "name": "X Speed",
          "count": 1
        },
        {
          "type": "Trainer",
          "url": "https://pocket.limitlesstcg.com/cards/P-A/1",
          "name": "Potion",
          "count": 1
        }
      ]
    },
    {
      "id": "pestoman",
      "name": "Pestoman",
      "placing": "15",
      "country": "VE",
      "decklist": [
        {
          "type": "Pok\u00e9mon",
          "url": "https://pocket.limitlesstcg.com/cards/A2b/36",
          "name": "Gimmighoul (A2b-36)",
          "count": 2
        },
        {
          "type": "Pok\u00e9mon",
          "url": "https://pocket.limitlesstcg.com/cards/A2b/57",
          "name": "Gholdengo (A2b-57)",
          "count": 1
        },
        {
          "type": "Pok\u00e9mon",
          "url": "https://pocket.limitlesstcg.com/cards/A2b/52",
          "name": "Tinkatink (A2b-52)",
          "count": 2
        },
        {
          "type": "Pok\u00e9mon",
          "url": "https://pocket.limitlesstcg.com/cards/A2b/53",
          "name": "Tinkatuff (A2b-53)",
          "count": 2
        },
        {
          "type": "Pok\u00e9mon",
          "url": "https://pocket.limitlesstcg.com/cards/A2b/54",
          "name": "Tinkaton ex (A2b-54)",
          "count": 1
        },
        {
          "type": "Pok\u00e9mon",
          "url": "https://pocket.limitlesstcg.com/cards/A2b/55",
          "name": "Varoom (A2b-55)",
          "count": 2
        },
        {
          "type": "Pok\u00e9mon",
          "url": "https://pocket.limitlesstcg.com/cards/A2b/56",
          "name": "Revavroom (A2b-56)",
          "count": 1
        },
        {
          "type": "Pok\u00e9mon",
          "url": "https://pocket.limitlesstcg.com/cards/A2b/60",
          "name": "Jigglypuff (A2b-60)",
          "count": 1
        },
        {
          "type": "Pok\u00e9mon",
          "url": "https://pocket.limitlesstcg.com/cards/A2b/61",
          "name": "Wigglytuff (A2b-61)",
          "count": 1
        },
        {
          "type": "Trainer",
          "url": "https://pocket.limitlesstcg.com/cards/P-A/7",
          "name": "Professor's Research",
          "count": 2
        },
        {
          "type": "Trainer",
          "url": "https://pocket.limitlesstcg.com/cards/A2b/71",
          "name": "Red",
          "count": 2
        },
        {
          "type": "Trainer",
          "url": "https://pocket.limitlesstcg.com/cards/A2b/72",
          "name": "Team Rocket Grunt",
          "count": 1
        },
        {
          "type": "Trainer",
          "url": "https://pocket.limitlesstcg.com/cards/P-A/5",
          "name": "Pok\u00e9 Ball",
          "count": 2
        }
      ]
    },
    {
      "id": "taynemesis",
      "name": "Taynemesis",
      "placing": "16",
      "country": "VE",
      "decklist": [
        {
          "type": "Pok\u00e9mon",
          "url": "https://pocket.limitlesstcg.com/cards/A2b/35",
          "name": "Giratina ex (A2b-35)",
          "count": 2
        },
        {
          "type": "Pok\u00e9mon",
          "url": "https://pocket.limitlesstcg.com/cards/A2/110",
          "name": "Darkrai ex (A2-110)",
          "count": 2
        },
        {
          "type": "Trainer",
          "url": "https://pocket.limitlesstcg.com/cards/P-A/7",
          "name": "Professor's Research",
          "count": 2
        },
        {
          "type": "Trainer",
          "url": "https://pocket.limitlesstcg.com/cards/A1a/68",
          "name": "Leaf",
          "count": 2
        },
        {
          "type": "Trainer",
          "url": "https://pocket.limitlesstcg.com/cards/A2b/70",
          "name": "Pok\u00e9mon Center Lady",
          "count": 2
        },
        {
          "type": "Trainer",
          "url": "https://pocket.limitlesstcg.com/cards/A1/225",
          "name": "Sabrina",
          "count": 1
        },
        {
          "type": "Trainer",
          "url": "https://pocket.limitlesstcg.com/cards/A2/150",
          "name": "Cyrus",
          "count": 1
        },
        {
          "type": "Trainer",
          "url": "https://pocket.limitlesstcg.com/cards/A2b/71",
          "name": "Red",
          "count": 1
        },
        {
          "type": "Trainer",
          "url": "https://pocket.limitlesstcg.com/cards/P-A/5",
          "name": "Pok\u00e9 Ball",
          "count": 2
        },
        {
          "type": "Trainer",
          "url": "https://pocket.limitlesstcg.com/cards/P-A/1",
          "name": "Potion",
          "count": 2
        },
        {
          "type": "Trainer",
          "url": "https://pocket.limitlesstcg.com/cards/A2/147",
          "name": "Giant Cape",
          "count": 2
        },
        {
          "type": "Trainer",
          "url": "https://pocket.limitlesstcg.com/cards/A2/148",
          "name": "Rocky Helmet",
          "count": 1
        }
      ]
    },
    {
      "id": "0rionx99",
      "name": "0rionX99",
      "placing": "17",
      "country": null,
      "decklist": [
        {
          "type": "Pok\u00e9mon",
          "url": "https://pocket.limitlesstcg.com/cards/A2b/35",
          "name": "Giratina ex (A2b-35)",
          "count": 1
        },
        {
          "type": "Pok\u00e9mon",
          "url": "https://pocket.limitlesstcg.com/cards/A2/110",
          "name": "Darkrai ex (A2-110)",
          "count": 1
        },
        {
          "type": "Trainer",
          "url": "https://pocket.limitlesstcg.com/cards/P-A/7",
          "name": "Professor's Research",
          "count": 2
        },
        {
          "type": "Trainer",
          "url": "https://pocket.limitlesstcg.com/cards/A2/154",
          "name": "Dawn",
          "count": 2
        },
        {
          "type": "Trainer",
          "url": "https://pocket.limitlesstcg.com/cards/A1/225",
          "name": "Sabrina",
          "count": 1
        },
        {
          "type": "Trainer",
          "url": "https://pocket.limitlesstcg.com/cards/A1a/68",
          "name": "Leaf",
          "count": 1
        },
        {
          "type": "Trainer",
          "url": "https://pocket.limitlesstcg.com/cards/A2b/71",
          "name": "Red",
          "count": 1
        },
        {
          "type": "Trainer",
          "url": "https://pocket.limitlesstcg.com/cards/A2b/70",
          "name": "Pok\u00e9mon Center Lady",
          "count": 1
        },
        {
          "type": "Trainer",
          "url": "https://pocket.limitlesstcg.com/cards/A2/150",
          "name": "Cyrus",
          "count": 1
        },
        {
          "type": "Trainer",
          "url": "https://pocket.limitlesstcg.com/cards/A2a/73",
          "name": "Celestic Town Elder",
          "count": 1
        },
        {
          "type": "Trainer",
          "url": "https://pocket.limitlesstcg.com/cards/P-A/5",
          "name": "Pok\u00e9 Ball",
          "count": 2
        },
        {
          "type": "Trainer",
          "url": "https://pocket.limitlesstcg.com/cards/P-A/2",
          "name": "X Speed",
          "count": 2
        },
        {
          "type": "Trainer",
          "url": "https://pocket.limitlesstcg.com/cards/P-A/1",
          "name": "Potion",
          "count": 2
        },
        {
          "type": "Trainer",
          "url": "https://pocket.limitlesstcg.com/cards/A2/148",
          "name": "Rocky Helmet",
          "count": 1
        },
        {
          "type": "Trainer",
          "url": "https://pocket.limitlesstcg.com/cards/A2/147",
          "name": "Giant Cape",
          "count": 1
        }
      ]
    },
    {
      "id": "frankchesco",
      "name": "Frankchesco",
      "placing": "18",
      "country": "VE",
      "decklist": [
        {
          "type": "Pok\u00e9mon",
          "url": "https://pocket.limitlesstcg.com/cards/A2/62",
          "name": "Rotom (A2-62)",
          "count": 2
        },
        {
          "type": "Pok\u00e9mon",
          "url": "https://pocket.limitlesstcg.com/cards/A2/58",
          "name": "Shinx (A2-58)",
          "count": 1
        },
        {
          "type": "Pok\u00e9mon",
          "url": "https://pocket.limitlesstcg.com/cards/A2/59",
          "name": "Luxio (A2-59)",
          "count": 1
        },
        {
          "type": "Pok\u00e9mon",
          "url": "https://pocket.limitlesstcg.com/cards/A2/60",
          "name": "Luxray (A2-60)",
          "count": 1
        },
        {
          "type": "Pok\u00e9mon",
          "url": "https://pocket.limitlesstcg.com/cards/A1/97",
          "name": "Magnemite (A1-97)",
          "count": 1
        },
        {
          "type": "Pok\u00e9mon",
          "url": "https://pocket.limitlesstcg.com/cards/A1/98",
          "name": "Magneton (A1-98)",
          "count": 1
        },
        {
          "type": "Trainer",
          "url": "https://pocket.limitlesstcg.com/cards/P-A/7",
          "name": "Professor's Research",
          "count": 2
        },
        {
          "type": "Trainer",
          "url": "https://pocket.limitlesstcg.com/cards/A2/153",
          "name": "Volkner",
          "count": 2
        },
        {
          "type": "Trainer",
          "url": "https://pocket.limitlesstcg.com/cards/A2/154",
          "name": "Dawn",
          "count": 2
        },
        {
          "type": "Trainer",
          "url": "https://pocket.limitlesstcg.com/cards/A2a/73",
          "name": "Celestic Town Elder",
          "count": 1
        },
        {
          "type": "Trainer",
          "url": "https://pocket.limitlesstcg.com/cards/A2b/70",
          "name": "Pok\u00e9mon Center Lady",
          "count": 1
        },
        {
          "type": "Trainer",
          "url": "https://pocket.limitlesstcg.com/cards/P-A/1",
          "name": "Potion",
          "count": 1
        },
        {
          "type": "Trainer",
          "url": "https://pocket.limitlesstcg.com/cards/P-A/2",
          "name": "X Speed",
          "count": 1
        },
        {
          "type": "Trainer",
          "url": "https://pocket.limitlesstcg.com/cards/P-A/5",
          "name": "Pok\u00e9 Ball",
          "count": 1
        },
        {
          "type": "Trainer",
          "url": "https://pocket.limitlesstcg.com/cards/A2/146",
          "name": "Pok\u00e9mon Communication",
          "count": 1
        },
        {
          "type": "Trainer",
          "url": "https://pocket.limitlesstcg.com/cards/A2/147",
          "name": "Giant Cape",
          "count": 1
        }
      ]
    },
    {
      "id": "giyuzk",
      "name": "Giyuzk",
      "placing": "19",
      "country": "VE",
      "decklist": [
        {
          "type": "Pok\u00e9mon",
          "url": "https://pocket.limitlesstcg.com/cards/A2b/35",
          "name": "Giratina ex (A2b-35)",
          "count": 2
        },
        {
          "type": "Pok\u00e9mon",
          "url": "https://pocket.limitlesstcg.com/cards/A2/110",
          "name": "Darkrai ex (A2-110)",
          "count": 2
        },
        {
          "type": "Pok\u00e9mon",
          "url": "https://pocket.limitlesstcg.com/cards/A1a/56",
          "name": "Druddigon (A1a-56)",
          "count": 2
        },
        {
          "type": "Trainer",
          "url": "https://pocket.limitlesstcg.com/cards/P-A/7",
          "name": "Professor's Research",
          "count": 2
        },
        {
          "type": "Trainer",
          "url": "https://pocket.limitlesstcg.com/cards/A1a/68",
          "name": "Leaf",
          "count": 2
        },
        {
          "type": "Trainer",
          "url": "https://pocket.limitlesstcg.com/cards/A2b/71",
          "name": "Red",
          "count": 2
        },
        {
          "type": "Trainer",
          "url": "https://pocket.limitlesstcg.com/cards/A1/225",
          "name": "Sabrina",
          "count": 1
        },
        {
          "type": "Trainer",
          "url": "https://pocket.limitlesstcg.com/cards/A2b/69",
          "name": "Iono",
          "count": 1
        },
        {
          "type": "Trainer",
          "url": "https://pocket.limitlesstcg.com/cards/A2/150",
          "name": "Cyrus",
          "count": 1
        },
        {
          "type": "Trainer",
          "url": "https://pocket.limitlesstcg.com/cards/P-A/5",
          "name": "Pok\u00e9 Ball",
          "count": 2
        },
        {
          "type": "Trainer",
          "url": "https://pocket.limitlesstcg.com/cards/A2/147",
          "name": "Giant Cape",
          "count": 2
        },
        {
          "type": "Trainer",
          "url": "https://pocket.limitlesstcg.com/cards/A2/148",
          "name": "Rocky Helmet",
          "count": 1
        }
      ]
    },
    {
      "id": "daigustosanti",
      "name": "daigustosanti",
      "placing": "20",
      "country": "VE",
      "decklist": [
        {
          "type": "Pok\u00e9mon",
          "url": "https://pocket.limitlesstcg.com/cards/A2b/8",
          "name": "Charmander (A2b-8)",
          "count": 2
        },
        {
          "type": "Pok\u00e9mon",
          "url": "https://pocket.limitlesstcg.com/cards/A2b/9",
          "name": "Charmeleon (A2b-9)",
          "count": 2
        },
        {
          "type": "Pok\u00e9mon",
          "url": "https://pocket.limitlesstcg.com/cards/A1/36",
          "name": "Charizard ex (A1-36)",
          "count": 2
        },
        {
          "type": "Pok\u00e9mon",
          "url": "https://pocket.limitlesstcg.com/cards/A1/47",
          "name": "Moltres ex (A1-47)",
          "count": 2
        },
        {
          "type": "Trainer",
          "url": "https://pocket.limitlesstcg.com/cards/P-A/7",
          "name": "Professor's Research",
          "count": 2
        },
        {
          "type": "Trainer",
          "url": "https://pocket.limitlesstcg.com/cards/A2b/69",
          "name": "Iono",
          "count": 1
        },
        {
          "type": "Trainer",
          "url": "https://pocket.limitlesstcg.com/cards/A1/225",
          "name": "Sabrina",
          "count": 1
        },
        {
          "type": "Trainer",
          "url": "https://pocket.limitlesstcg.com/cards/A2/155",
          "name": "Mars",
          "count": 1
        },
        {
          "type": "Trainer",
          "url": "https://pocket.limitlesstcg.com/cards/P-A/2",
          "name": "X Speed",
          "count": 2
        },
        {
          "type": "Trainer",
          "url": "https://pocket.limitlesstcg.com/cards/P-A/5",
          "name": "Pok\u00e9 Ball",
          "count": 2
        },
        {
          "type": "Trainer",
          "url": "https://pocket.limitlesstcg.com/cards/A2/146",
          "name": "Pok\u00e9mon Communication",
          "count": 1
        },
        {
          "type": "Trainer",
          "url": "https://pocket.limitlesstcg.com/cards/P-A/1",
          "name": "Potion",
          "count": 1
        },
        {
          "type": "Trainer",
          "url": "https://pocket.limitlesstcg.com/cards/A2/147",
          "name": "Giant Cape",
          "count": 1
        }
      ]
    },
    {
      "id": "kanyewemyc",
      "name": "KanyeweMYC",
      "placing": "21",
      "country": "VE",
      "decklist": [
        {
          "type": "Pok\u00e9mon",
          "url": "https://pocket.limitlesstcg.com/cards/A1a/4",
          "name": "Snivy (A1a-4)",
          "count": 2
        },
        {
          "type": "Pok\u00e9mon",
          "url": "https://pocket.limitlesstcg.com/cards/A1a/5",
          "name": "Servine (A1a-5)",
          "count": 2
        },
        {
          "type": "Pok\u00e9mon",
          "url": "https://pocket.limitlesstcg.com/cards/A1a/6",
          "name": "Serperior (A1a-6)",
          "count": 2
        },
        {
          "type": "Pok\u00e9mon",
          "url": "https://pocket.limitlesstcg.com/cards/A1a/3",
          "name": "Celebi ex (A1a-3)",
          "count": 2
        },
        {
          "type": "Pok\u00e9mon",
          "url": "https://pocket.limitlesstcg.com/cards/A1a/9",
          "name": "Dhelmise (A1a-9)",
          "count": 1
        },
        {
          "type": "Trainer",
          "url": "https://pocket.limitlesstcg.com/cards/A1/219",
          "name": "Erika",
          "count": 2
        },
        {
          "type": "Trainer",
          "url": "https://pocket.limitlesstcg.com/cards/P-A/7",
          "name": "Professor's Research",
          "count": 2
        },
        {
          "type": "Trainer",
          "url": "https://pocket.limitlesstcg.com/cards/A1/225",
          "name": "Sabrina",
          "count": 1
        },
        {
          "type": "Trainer",
          "url": "https://pocket.limitlesstcg.com/cards/A2/150",
          "name": "Cyrus",
          "count": 1
        },
        {
          "type": "Trainer",
          "url": "https://pocket.limitlesstcg.com/cards/P-A/5",
          "name": "Pok\u00e9 Ball",
          "count": 2
        },
        {
          "type": "Trainer",
          "url": "https://pocket.limitlesstcg.com/cards/P-A/2",
          "name": "X Speed",
          "count": 1
        },
        {
          "type": "Trainer",
          "url": "https://pocket.limitlesstcg.com/cards/P-A/1",
          "name": "Potion",
          "count": 1
        },
        {
          "type": "Trainer",
          "url": "https://pocket.limitlesstcg.com/cards/A2/147",
          "name": "Giant Cape",
          "count": 1
        }
      ]
    }
  ],
  "matches": [
    {
      "match_results": [
        {
          "player_id": "frankchesco",
          "score": 0
        },
        {
          "player_id": "miteinikki",
          "score": 2
        }
      ]
    },
    {
      "match_results": [
        {
          "player_id": "kinji27",
          "score": 0
        },
        {
          "player_id": "enrimaster",
          "score": 2
        }
      ]
    },
    {
      "match_results": [
        {
          "player_id": "bryant1512",
          "score": 2
        },
        {
          "player_id": "kanyewemyc",
          "score": 1
        }
      ]
    },
    {
      "match_results": [
        {
          "player_id": "taynemesis",
          "score": 0
        },
        {
          "player_id": "umeechaan",
          "score": 2
        }
      ]
    },
    {
      "match_results": [
        {
          "player_id": "pestoman",
          "score": 2
        },
        {
          "player_id": "0rionx99",
          "score": 0
        }
      ]
    },
    {
      "match_results": [
        {
          "player_id": "euviro13",
          "score": 2
        },
        {
          "player_id": "gheliersan",
          "score": 0
        }
      ]
    },
    {
      "match_results": [
        {
          "player_id": "erchino69",
          "score": 2
        },
        {
          "player_id": "jonless",
          "score": 0
        }
      ]
    },
    {
      "match_results": [
        {
          "player_id": "gusd307",
          "score": 2
        },
        {
          "player_id": "daigustosanti",
          "score": 1
        }
      ]
    },
    {
      "match_results": [
        {
          "player_id": "alejmendesr",
          "score": 2
        },
        {
          "player_id": "giyuzk",
          "score": 0
        }
      ]
    },
    {
      "match_results": [
        {
          "player_id": "victamer",
          "score": 0
        },
        {
          "player_id": "vicinf",
          "score": 2
        }
      ]
    },
    {
      "match_results": [
        {
          "player_id": "gusd307",
          "score": 2
        },
        {
          "player_id": "bryant1512",
          "score": 0
        }
      ]
    },
    {
      "match_results": [
        {
          "player_id": "vicinf",
          "score": 1
        },
        {
          "player_id": "alejmendesr",
          "score": 2
        }
      ]
    },
    {
      "match_results": [
        {
          "player_id": "enrimaster",
          "score": 2
        },
        {
          "player_id": "wolfidrau",
          "score": 0
        }
      ]
    },
    {
      "match_results": [
        {
          "player_id": "pestoman",
          "score": 0
        },
        {
          "player_id": "miteinikki",
          "score": 2
        }
      ]
    },
    {
      "match_results": [
        {
          "player_id": "umeechaan",
          "score": 0
        },
        {
          "player_id": "erchino69",
          "score": 2
        }
      ]
    },
    {
      "match_results": [
        {
          "player_id": "euviro13",
          "score": 2
        },
        {
          "player_id": "daigustosanti",
          "score": 0
        }
      ]
    },
    {
      "match_results": [
        {
          "player_id": "frankchesco",
          "score": 0
        },
        {
          "player_id": "jonless",
          "score": 2
        }
      ]
    },
    {
      "match_results": [
        {
          "player_id": "giyuzk",
          "score": 0
        },
        {
          "player_id": "taynemesis",
          "score": 2
        }
      ]
    },
    {
      "match_results": [
        {
          "player_id": "gheliersan",
          "score": 2
        },
        {
          "player_id": "0rionx99",
          "score": 0
        }
      ]
    },
    {
      "match_results": [
        {
          "player_id": "kanyewemyc",
          "score": 1
        },
        {
          "player_id": "kinji27",
          "score": 2
        }
      ]
    },
    {
      "match_results": [
        {
          "player_id": "enrimaster",
          "score": 2
        },
        {
          "player_id": "gusd307",
          "score": 0
        }
      ]
    },
    {
      "match_results": [
        {
          "player_id": "euviro13",
          "score": 2
        },
        {
          "player_id": "erchino69",
          "score": 1
        }
      ]
    },
    {
      "match_results": [
        {
          "player_id": "miteinikki",
          "score": 2
        },
        {
          "player_id": "alejmendesr",
          "score": 0
        }
      ]
    },
    {
      "match_results": [
        {
          "player_id": "vicinf",
          "score": 2
        },
        {
          "player_id": "umeechaan",
          "score": 0
        }
      ]
    },
    {
      "match_results": [
        {
          "player_id": "pestoman",
          "score": 0
        },
        {
          "player_id": "kinji27",
          "score": 2
        }
      ]
    },
    {
      "match_results": [
        {
          "player_id": "gheliersan",
          "score": 2
        },
        {
          "player_id": "taynemesis",
          "score": 0
        }
      ]
    },
    {
      "match_results": [
        {
          "player_id": "bryant1512",
          "score": 1
        },
        {
          "player_id": "wolfidrau",
          "score": 2
        }
      ]
    },
    {
      "match_results": [
        {
          "player_id": "victamer",
          "score": 2
        },
        {
          "player_id": "jonless",
          "score": 0
        }
      ]
    },
    {
      "match_results": [
        {
          "player_id": "frankchesco",
          "score": 1
        },
        {
          "player_id": "giyuzk",
          "score": 2
        }
      ]
    },
    {
      "match_results": [
        {
          "player_id": "enrimaster",
          "score": 2
        },
        {
          "player_id": "miteinikki",
          "score": 1
        }
      ]
    },
    {
      "match_results": [
        {
          "player_id": "euviro13",
          "score": 1
        },
        {
          "player_id": "gusd307",
          "score": 2
        }
      ]
    },
    {
      "match_results": [
        {
          "player_id": "vicinf",
          "score": 0
        },
        {
          "player_id": "gheliersan",
          "score": 2
        }
      ]
    },
    {
      "match_results": [
        {
          "player_id": "erchino69",
          "score": 2
        },
        {
          "player_id": "wolfidrau",
          "score": 1
        }
      ]
    },
    {
      "match_results": [
        {
          "player_id": "kinji27",
          "score": 0
        },
        {
          "player_id": "alejmendesr",
          "score": 2
        }
      ]
    },
    {
      "match_results": [
        {
          "player_id": "victamer",
          "score": 2
        },
        {
          "player_id": "giyuzk",
          "score": 0
        }
      ]
    },
    {
      "match_results": [
        {
          "player_id": "0rionx99",
          "score": 0
        },
        {
          "player_id": "jonless",
          "score": 2
        }
      ]
    },
    {
      "match_results": [
        {
          "player_id": "taynemesis",
          "score": 2
        },
        {
          "player_id": "bryant1512",
          "score": 0
        }
      ]
    },
    {
      "match_results": [
        {
          "player_id": "umeechaan",
          "score": 2
        },
        {
          "player_id": "pestoman",
          "score": 1
        }
      ]
    },
    {
      "match_results": [
        {
          "player_id": "enrimaster",
          "score": 2
        },
        {
          "player_id": "victamer",
          "score": 0
        }
      ]
    },
    {
      "match_results": [
        {
          "player_id": "euviro13",
          "score": 1
        },
        {
          "player_id": "miteinikki",
          "score": 2
        }
      ]
    },
    {
      "match_results": [
        {
          "player_id": "gusd307",
          "score": 2
        },
        {
          "player_id": "gheliersan",
          "score": 0
        }
      ]
    },
    {
      "match_results": [
        {
          "player_id": "erchino69",
          "score": 1
        },
        {
          "player_id": "alejmendesr",
          "score": 2
        }
      ]
    },
    {
      "match_results": [
        {
          "player_id": "umeechaan",
          "score": 2
        },
        {
          "player_id": "kinji27",
          "score": 0
        }
      ]
    },
    {
      "match_results": [
        {
          "player_id": "vicinf",
          "score": 0
        },
        {
          "player_id": "wolfidrau",
          "score": 2
        }
      ]
    },
    {
      "match_results": [
        {
          "player_id": "jonless",
          "score": 2
        },
        {
          "player_id": "taynemesis",
          "score": 0
        }
      ]
    },
    {
      "match_results": [
        {
          "player_id": "giyuzk",
          "score": 0
        },
        {
          "player_id": "0rionx99",
          "score": 2
        }
      ]
    },
    {
      "match_results": [
        {
          "player_id": "frankchesco",
          "score": 0
        },
        {
          "player_id": "pestoman",
          "score": 2
        }
      ]
    }
  ]
}